seed_id,lang,term_en,proposed_term,sources,found_term,page,reviewer
cuas-001,de,unmanned aircraft system (UAS),unmanned aircraft system (UAS),de-weissbuch-2016 de-vpr-2023-de,,,
cuas-002,de,unmanned aircraft (UA),unmanned aircraft (UA),de-weissbuch-2016 de-vpr-2023-de,,,
cuas-003,de,small unmanned aircraft system (sUAS),small unmanned aircraft system (sUAS),de-weissbuch-2016 de-vpr-2023-de,,,
cuas-004,de,UAS group (Groups 1–5),UAS group (Groups 1–5),de-weissbuch-2016 de-vpr-2023-de,,,
cuas-005,de,first-person-view (FPV) drone,first-person-view (FPV) drone,de-weissbuch-2016 de-vpr-2023-de,,,
cuas-006,de,loitering munition (one-way attack UAS),loitering munition (one-way attack UAS),de-weissbuch-2016 de-vpr-2023-de,,,
cuas-007,de,swarm,swarm,de-weissbuch-2016 de-vpr-2023-de,,,
cuas-008,de,fixed-wing aircraft,fixed-wing aircraft,de-weissbuch-2016 de-vpr-2023-de,,,
cuas-009,de,rotary-wing aircraft,rotary-wing aircraft,de-weissbuch-2016 de-vpr-2023-de,,,
cuas-010,de,multirotor drone,multirotor drone,de-weissbuch-2016 de-vpr-2023-de,,,
cuas-011,de,counter-unmanned aircraft system (C-UAS),counter-unmanned aircraft system (C-UAS),de-weissbuch-2016 de-vpr-2023-de,,,
cuas-012,de,layered defense,layered defense,de-weissbuch-2016 de-vpr-2023-de,,,
cuas-013,de,detection,detection,de-weissbuch-2016 de-vpr-2023-de,,,
cuas-014,de,tracking,tracking,de-weissbuch-2016 de-vpr-2023-de,,,
cuas-015,de,identification (ID),identification (ID),de-weissbuch-2016 de-vpr-2023-de,,,
cuas-016,de,defeat,Abschuss,de-weissbuch-2016 de-vpr-2023-de,,,
cuas-017,de,kinetic defeat,kinetische Bekämpfung,de-weissbuch-2016 de-vpr-2023-de,,,
cuas-018,de,non-kinetic defeat,nichtkinetische Bekämpfung,de-weissbuch-2016 de-vpr-2023-de,,,
cuas-019,de,radio-frequency (RF) detection,Funkfrequenzerfassung,de-weissbuch-2016 de-vpr-2023-de,,,
cuas-020,de,radar,Radar,de-weissbuch-2016 de-vpr-2023-de,,,
cuas-021,de,electro-optical/infrared (EO/IR) sensor,EO/IR-Sensor,de-weissbuch-2016 de-vpr-2023-de,,,
cuas-022,de,acoustic sensor,Akustiksensor,de-weissbuch-2016 de-vpr-2023-de,,,
cuas-023,de,active defense,aktive Verteidigung,de-weissbuch-2016 de-vpr-2023-de,,,
cuas-024,de,passive defense,passive Verteidigung,de-weissbuch-2016 de-vpr-2023-de,,,
cuas-025,de,electromagnetic jamming,elektronische Störung,de-weissbuch-2016 de-vpr-2023-de,,,
cuas-026,de,spoofing,Spoofing,de-weissbuch-2016 de-vpr-2023-de,,,
cuas-027,de,navigation warfare (NAVWAR),Navigation Warfare,de-weissbuch-2016 de-vpr-2023-de,,,
cuas-028,de,directed energy (DE),gerichtete Energie,de-weissbuch-2016 de-vpr-2023-de,,,
cuas-029,de,directed-energy weapon,Waffe mit gerichteter Energie,de-weissbuch-2016 de-vpr-2023-de,,,
cuas-030,de,interceptor drone,Abfangdrohne,de-weissbuch-2016 de-vpr-2023-de,,,
cuas-031,de,net capture,Netzerstörung (<calque>),de-weissbuch-2016 de-vpr-2023-de,,,
cuas-032,de,command and control (C2) link,Befehls- und Führungsverbindung (<calque>),de-weissbuch-2016 de-vpr-2023-de,,,
cuas-033,de,data link,Datenverbindung (<native>),de-weissbuch-2016 de-vpr-2023-de,,,
cuas-034,de,frequency band,Frequenzband (<native>),de-weissbuch-2016 de-vpr-2023-de,,,
cuas-035,de,remote identification (Remote ID),Remote ID (<loanword>),de-weissbuch-2016 de-vpr-2023-de,,,
cuas-036,de,drone operator location,Standort des Drohnenführers (<native>),de-weissbuch-2016 de-vpr-2023-de,,,
cuas-037,de,launch point,Startpunkt (<native>),de-weissbuch-2016 de-vpr-2023-de,,,
cuas-038,de,recovery point,Lande- oder Sammelpunkt (<native>),de-weissbuch-2016 de-vpr-2023-de,,,
cuas-039,de,flight profile,Flugprofil (<native>),de-weissbuch-2016 de-vpr-2023-de,,,
cuas-040,de,loiter,Kreisen (<native>),de-weissbuch-2016 de-vpr-2023-de,,,
cuas-041,de,ingress,Anflug (<native>),de-weissbuch-2016 de-vpr-2023-de,,,
cuas-042,de,egress,Abflug (<native>),de-weissbuch-2016 de-vpr-2023-de,,,
cuas-043,de,mass raid,Massenschlag (<native>),de-weissbuch-2016 de-vpr-2023-de,,,
cuas-044,de,saturation,Sättigung (<native>),de-weissbuch-2016 de-vpr-2023-de,,,
cuas-045,de,collateral damage,Kollateralschaden (<loanword>),de-weissbuch-2016 de-vpr-2023-de,,,
cuas-046,de,weapon engagement zone (WEZ),Waffenengagementzone,de-weissbuch-2016 de-vpr-2023-de,,,
cuas-047,de,weapons control status,Waffenkontrollstatus,de-weissbuch-2016 de-vpr-2023-de,,,
roe-001,de,weapons free,Feuer frei,de-weissbuch-2016 de-vpr-2023-de,,,
roe-002,de,weapons tight,Feuer halten,de-weissbuch-2016 de-vpr-2023-de,,,
roe-003,de,weapons hold,Feuer einstellen,de-weissbuch-2016 de-vpr-2023-de,,,
roe-004,de,rules of engagement (ROE),Einsatzregeln,de-weissbuch-2016 de-vpr-2023-de,,,
roe-005,de,hostile act,feindliche Handlung,de-weissbuch-2016 de-vpr-2023-de,,,
roe-006,de,hostile intent,feindliche Absicht,de-weissbuch-2016 de-vpr-2023-de,,,
roe-007,de,positive identification (PID),Positive Identifizierung,de-weissbuch-2016 de-vpr-2023-de,,,
air-001,de,track number,Zielnummer,de-weissbuch-2016 de-vpr-2023-de,,,
air-002,de,track,Ziel,de-weissbuch-2016 de-vpr-2023-de,,,
c2-001,de,common operational picture (COP),gemeinsames Lagebild,de-weissbuch-2016 de-vpr-2023-de,,,
air-003,de,airspace coordinating measures (ACMs),Luftraumkoordinierungsmaßnahmen,de-weissbuch-2016 de-vpr-2023-de,,,
air-004,de,restricted operations zone (ROZ),Sperrgebiet,de-weissbuch-2016 de-vpr-2023-de,,,
air-005,de,no-drone zone,Flugverbotszone,de-weissbuch-2016 de-vpr-2023-de,,,
air-006,de,temporary flight restriction,Flugbeschränkungsgebiet,de-weissbuch-2016 de-vpr-2023-de,,,
air-007,de,air defense warning condition (ADWC),Luftverteidigungsalarmstufe,de-weissbuch-2016 de-vpr-2023-de,,,
bd-001,de,base defense operations center (BDOC),Stabsquartier der Basisverteidigung,de-weissbuch-2016 de-vpr-2023-de,,,
bd-002,de,base defense,Basisverteidigung,de-weissbuch-2016 de-vpr-2023-de,,,
bd-003,de,force protection (FP),Schutz der Streitkräfte,de-weissbuch-2016 de-vpr-2023-de,,,
bd-004,de,force protection condition (FPCON),Sicherheitsstufe,de-weissbuch-2016 de-vpr-2023-de,,,
bd-005,de,entry control point,Einlasskontrollpunkt,de-weissbuch-2016 de-vpr-2023-de,,,
bd-006,de,vehicle search area,Fahrzeugkontrollbereich,de-weissbuch-2016 de-vpr-2023-de,,,
bd-007,de,perimeter,Perimeter,de-weissbuch-2016 de-vpr-2023-de,,,
bd-008,de,sector,Sektor,de-weissbuch-2016 de-vpr-2023-de,,,
bd-009,de,observation post,Beobachtungsposten,de-weissbuch-2016 de-vpr-2023-de,,,
bd-010,de,listening post,Horchposten,de-weissbuch-2016 de-vpr-2023-de,,,
bd-011,de,quick reaction force,Einsatzreserve,de-weissbuch-2016 de-vpr-2023-de,,,
bd-012,de,security forces,Sicherheitstruppen,de-weissbuch-2016 de-vpr-2023-de,,,
bd-013,de,defender,Verteidiger,de-weissbuch-2016 de-vpr-2023-de,,,
bd-014,de,patrol,patrol,de-weissbuch-2016 de-vpr-2023-de,,,
bd-015,de,random antiterrorism measure,random antiterrorism measure,de-weissbuch-2016 de-vpr-2023-de,,,
bd-016,de,standoff distance,standoff distance,de-weissbuch-2016 de-vpr-2023-de,,,
bd-017,de,barrier,barrier,de-weissbuch-2016 de-vpr-2023-de,,,
bd-018,de,blast mitigation,blast mitigation,de-weissbuch-2016 de-vpr-2023-de,,,
bd-019,de,alarm condition,alarm condition,de-weissbuch-2016 de-vpr-2023-de,,,
bd-020,de,post-attack reconnaissance,post-attack reconnaissance,de-weissbuch-2016 de-vpr-2023-de,,,
bd-021,de,unexploded explosive ordnance (UXO),unexploded explosive ordnance (UXO),de-weissbuch-2016 de-vpr-2023-de,,,
bd-022,de,shelter in place,shelter in place,de-weissbuch-2016 de-vpr-2023-de,,,
bd-023,de,bunker,bunker,de-weissbuch-2016 de-vpr-2023-de,,,
bd-024,de,cover and concealment,cover and concealment,de-weissbuch-2016 de-vpr-2023-de,,,
bd-025,de,accountability,accountability,de-weissbuch-2016 de-vpr-2023-de,,,
bd-026,de,lockdown,lockdown,de-weissbuch-2016 de-vpr-2023-de,,,
bd-027,de,all clear,all clear,de-weissbuch-2016 de-vpr-2023-de,,,
bd-028,de,incident commander,incident commander,de-weissbuch-2016 de-vpr-2023-de,,,
bd-029,de,emergency operations center (EOC),Leitstelle,de-weissbuch-2016 de-vpr-2023-de,,,
bd-030,de,mass notification,Massenwarnsystem,de-weissbuch-2016 de-vpr-2023-de,,,
bd-031,de,indirect fire,indirektes Feuer,de-weissbuch-2016 de-vpr-2023-de,,,
bd-032,de,"counter-rocket, artillery, and mortar (C-RAM)",Raketenabwehr,de-weissbuch-2016 de-vpr-2023-de,,,
bd-033,de,insider threat,Insider-Bedrohung,de-weissbuch-2016 de-vpr-2023-de,,,
bd-034,de,host nation (HN),Gastland,de-weissbuch-2016 de-vpr-2023-de,,,
bd-035,de,foreign security forces (FSF),ausländische Sicherheitskräfte,de-weissbuch-2016 de-vpr-2023-de,,,
bd-036,de,status-of-forces agreement (SOFA),Status-of-Forces-Abkommen,de-weissbuch-2016 de-vpr-2023-de,,,
bd-037,de,jurisdiction,Zuständigkeit,de-weissbuch-2016 de-vpr-2023-de,,,
bd-038,de,local national,Einheimischer,de-weissbuch-2016 de-vpr-2023-de,,,
bd-039,de,escort,Begleiter,de-weissbuch-2016 de-vpr-2023-de,,,
bd-040,de,access roster,Zutrittsliste,de-weissbuch-2016 de-vpr-2023-de,,,
bd-041,de,shift handover,Schichtübergabe,de-weissbuch-2016 de-vpr-2023-de,,,
bd-042,de,blotter,Ereignismeldung,de-weissbuch-2016 de-vpr-2023-de,,,
bd-043,de,chain of custody,Beweismittelkette,de-weissbuch-2016 de-vpr-2023-de,,,
air-008,de,airspace control,Luftraumüberwachung,de-weissbuch-2016 de-vpr-2023-de,,,
air-009,de,air tasking order (ATO),Luftaufgabenbefehl,de-weissbuch-2016 de-vpr-2023-de,,,
air-010,de,air defense artillery (ADA),Flugabwehrartillerie,de-weissbuch-2016 de-vpr-2023-de,,,
air-011,de,"identification, friend or foe (IFF)",Identifikation Freund-Feind,de-weissbuch-2016 de-vpr-2023-de,,,
air-012,de,squawk,Squawk,de-weissbuch-2016 de-vpr-2023-de,,,
air-013,de,altitude block,Höhenblock,de-weissbuch-2016 de-vpr-2023-de,,,
air-014,de,deconfliction,Konfliktvermeidung,de-weissbuch-2016 de-vpr-2023-de,,,
air-015,de,kill box,Kill Box,de-weissbuch-2016 de-vpr-2023-de,,,
air-016,de,call sign (CS),Rufzeichen,de-weissbuch-2016 de-vpr-2023-de,,,
brev-001,de,brevity code,Kurzcode,de-weissbuch-2016 de-vpr-2023-de,,,
air-017,de,check-in,Meldung,de-weissbuch-2016 de-vpr-2023-de,,,
c2-002,de,situation report (SITREP),Lagebericht,de-weissbuch-2016 de-vpr-2023-de,,,
c2-003,de,spot report (SPOTREP),Lagekurzmeldung,de-weissbuch-2016 de-vpr-2023-de,,,
med-001,de,nine-line medical evacuation request,Neunzeilige-Meldeverfahren,de-weissbuch-2016 de-vpr-2023-de,,,
air-018,de,grid reference,Koordinatenangabe,de-weissbuch-2016 de-vpr-2023-de,,,
air-019,de,bearing,Peilung,de-weissbuch-2016 de-vpr-2023-de,,,
air-020,de,time on target (TOT),Zeit am Ziel,de-weissbuch-2016 de-vpr-2023-de,,,
brev-002,de,BOGEY,BOGEY,de-weissbuch-2016 de-vpr-2023-de,,,
brev-003,de,BANDIT,BANDIT,de-weissbuch-2016 de-vpr-2023-de,,,
brev-004,de,HOSTILE,FEINDLICH,de-weissbuch-2016 de-vpr-2023-de,,,
brev-005,de,FRIENDLY,FREUNDLICH,de-weissbuch-2016 de-vpr-2023-de,,,
brev-006,de,UNKNOWN,UNBEKANNT,de-weissbuch-2016 de-vpr-2023-de,,,
brev-007,de,SPLASH,TREFFER,de-weissbuch-2016 de-vpr-2023-de,,,
brev-008,de,SPIKE,SPIKE,de-weissbuch-2016 de-vpr-2023-de,,,
brev-009,de,NO JOY,KEIN KONTAKT,de-weissbuch-2016 de-vpr-2023-de,,,
brev-010,de,TALLY,SICHTKONTAKT,de-weissbuch-2016 de-vpr-2023-de,,,
brev-011,de,BINGO,BINGO,de-weissbuch-2016 de-vpr-2023-de,,,
brev-012,de,CEASE FIRE,FEUER EINSTELLEN,de-weissbuch-2016 de-vpr-2023-de,,,
brev-013,de,WEAPONS (FREE / TIGHT / HOLD),WAFFEN (FREI / GESICHERT / HALT),de-weissbuch-2016 de-vpr-2023-de,,,
brev-014,de,STAND BY,WARTEN,de-weissbuch-2016 de-vpr-2023-de,,,
brev-015,de,SAY AGAIN,SAY AGAIN,de-weissbuch-2016 de-vpr-2023-de,,,
brev-016,de,ROGER,ROGER,de-weissbuch-2016 de-vpr-2023-de,,,
brev-017,de,WILCO,WILCO,de-weissbuch-2016 de-vpr-2023-de,,,
brev-018,de,BREAK BREAK,BREAK BREAK,de-weissbuch-2016 de-vpr-2023-de,,,
c2-004,de,authority,Befehlsgewalt,de-weissbuch-2016 de-vpr-2023-de,,,
c2-005,de,delegation of authority,Delegation der Befehlsgewalt,de-weissbuch-2016 de-vpr-2023-de,,,
c2-006,de,coordinating authority,Koordinierungsbefugnis,de-weissbuch-2016 de-vpr-2023-de,,,
c2-007,de,approval,Genehmigung,de-weissbuch-2016 de-vpr-2023-de,,,
c2-008,de,liaison,Verbindung,de-weissbuch-2016 de-vpr-2023-de,,,
c2-009,de,interoperability,Interoperabilität,de-weissbuch-2016 de-vpr-2023-de,,,
c2-010,de,information sharing,Informationsaustausch,de-weissbuch-2016 de-vpr-2023-de,,,
c2-011,de,caveat,Beschränkung,de-weissbuch-2016 de-vpr-2023-de,,,
c2-012,de,classification,Klassifizierung,de-weissbuch-2016 de-vpr-2023-de,,,
c2-013,de,release,Freigabe,de-weissbuch-2016 de-vpr-2023-de,,,
c2-014,de,exercise,Übung,de-weissbuch-2016 de-vpr-2023-de,,,
c2-015,de,drill,Übung,de-weissbuch-2016 de-vpr-2023-de,,,
c2-016,de,scenario,Szenario,de-weissbuch-2016 de-vpr-2023-de,,,
c2-017,de,lessons learned,Erkenntnisse,de-weissbuch-2016 de-vpr-2023-de,,,
c2-018,de,after action review,Nachbereitung,de-weissbuch-2016 de-vpr-2023-de,,,
air-021,de,airspace control authority (ACA),Luftraumkontrollbehörde,de-weissbuch-2016 de-vpr-2023-de,,,
air-022,de,airspace control order (ACO),Luftraumkontrollbefehl,de-weissbuch-2016 de-vpr-2023-de,,,
air-023,de,airspace control plan (ACP),Luftraumkontrollplan,de-weissbuch-2016 de-vpr-2023-de,,,
air-024,de,airspace management,Luftraummanagement,de-weissbuch-2016 de-vpr-2023-de,,,
air-025,de,airspace coordination area (ACA),Luftraumkoordinierungsgebiet,de-weissbuch-2016 de-vpr-2023-de,,,
air-026,de,air defense identification zone,Luftverteidigungsidentifikationszone,de-weissbuch-2016 de-vpr-2023-de,,,
air-027,de,air corridor,Luftkorridor,de-weissbuch-2016 de-vpr-2023-de,,,
air-028,de,coordinating altitude (CA),Koordinierungsflughöhe,de-weissbuch-2016 de-vpr-2023-de,,,
air-029,de,restricted areas (air),Flugbeschränkungsgebiete,de-weissbuch-2016 de-vpr-2023-de,,,
air-030,de,high-density airspace control zone (HIDACZ),Hochdichte-Luftraumkontrollzone,de-weissbuch-2016 de-vpr-2023-de,,,
air-031,de,positive control,Positive Kontrolle,de-weissbuch-2016 de-vpr-2023-de,,,
air-032,de,procedural control,Luftraumkontrolle nach Verfahren,de-weissbuch-2016 de-vpr-2023-de,,,
air-033,de,air route,Luftstraße,de-weissbuch-2016 de-vpr-2023-de,,,
air-034,de,air operations center (AOC),Luftoperationszentrum,de-weissbuch-2016 de-vpr-2023-de,,,
air-035,de,air support operations center (ASOC),Luftunterstützungsoperationszentrum,de-weissbuch-2016 de-vpr-2023-de,,,
air-036,de,missile engagement zone (MEZ),Flugabwehrraketen-Engagementzone,de-weissbuch-2016 de-vpr-2023-de,,,
air-037,de,joint engagement zone (JEZ),Gemeinsame Engagementzone,de-weissbuch-2016 de-vpr-2023-de,,,
air-038,de,fighter engagement zone (FEZ),Jäger-Engagementzone,de-weissbuch-2016 de-vpr-2023-de,,,
air-039,de,low-altitude missile engagement zone (LOMEZ),Tiefstflughöhen-Flugabwehrraketen-Engagementzone,de-weissbuch-2016 de-vpr-2023-de,,,
air-040,de,short-range air defense engagement zone (SHORADEZ),Kurzstrecken-Luftverteidigungs-Engagementzone,de-weissbuch-2016 de-vpr-2023-de,,,
air-041,de,high-altitude missile engagement zone (HIMEZ),Hochflughöhen-Flugabwehrraketen-Engagementzone,de-weissbuch-2016 de-vpr-2023-de,,,
air-042,de,air defense area,Luftverteidigungsgebiet,de-weissbuch-2016 de-vpr-2023-de,,,
air-043,de,air defense region,Luftverteidigungszone,de-weissbuch-2016 de-vpr-2023-de,,,
air-044,de,air defense sector,Luftverteidigungssektor,de-weissbuch-2016 de-vpr-2023-de,,,
air-045,de,selective identification feature (SIF),Zusatzkennung,de-weissbuch-2016 de-vpr-2023-de,,,
air-046,de,procedural identification,Prozedurale Identifizierung,de-weissbuch-2016 de-vpr-2023-de,,,
air-047,de,combat identification (CID),Zielidentifizierung,de-weissbuch-2016 de-vpr-2023-de,,,
air-048,de,combat air patrol (CAP),Luftüberwachung,de-weissbuch-2016 de-vpr-2023-de,,,
air-049,de,track of interest,Interessensspur,de-weissbuch-2016 de-vpr-2023-de,,,
air-050,de,airborne early warning,Früherkennung aus der Luft,de-weissbuch-2016 de-vpr-2023-de,,,
air-051,de,threat warning,Gefahrenwarnung,de-weissbuch-2016 de-vpr-2023-de,,,
air-052,de,air and missile defense (AMD),Luft- und Raketenabwehr,de-weissbuch-2016 de-vpr-2023-de,,,
air-053,de,integrated air and missile defense (IAMD),Integrierte Luft- und Raketenabwehr,de-weissbuch-2016 de-vpr-2023-de,,,
air-054,de,defensive counterair (DCA),Luftverteidigung,de-weissbuch-2016 de-vpr-2023-de,,,
air-055,de,counterair,Luftkampf,de-weissbuch-2016 de-vpr-2023-de,,,
air-056,de,point defense,Punktverteidigung,de-weissbuch-2016 de-vpr-2023-de,,,
air-057,de,area air defense commander (AADC),Befehlshaber Luftverteidigung,de-weissbuch-2016 de-vpr-2023-de,,,
air-058,de,regional air defense commander (RADC),Regionaler Luftverteidigungskommandeur,de-weissbuch-2016 de-vpr-2023-de,,,
air-059,de,sector air defense commander (SADC),Sektorluftverteidigungskommandeur,de-weissbuch-2016 de-vpr-2023-de,,,
air-060,de,defended asset list (DAL),Liste zu verteidigender Objekte,de-weissbuch-2016 de-vpr-2023-de,,,
air-061,de,missile defense (MD),Raketenabwehr,de-weissbuch-2016 de-vpr-2023-de,,,
air-062,de,air superiority,Luftherrschaft,de-weissbuch-2016 de-vpr-2023-de,,,
air-063,de,close air support (CAS),Nahluftunterstützung,de-weissbuch-2016 de-vpr-2023-de,,,
air-064,de,forward air controller (FAC),Flugleiter,de-weissbuch-2016 de-vpr-2023-de,,,
air-065,de,joint terminal attack controller (JTAC),Joint Terminal Attack Controller,de-weissbuch-2016 de-vpr-2023-de,,,
air-066,de,tactical air control party (TACP),taktische Luftkontrolltruppe,de-weissbuch-2016 de-vpr-2023-de,,,
air-067,de,air liaison officer (ALO),Luftwaffenverbindungsoffizier,de-weissbuch-2016 de-vpr-2023-de,,,
air-068,de,time-sensitive target (TST),zeitkritisches Ziel,de-weissbuch-2016 de-vpr-2023-de,,,
air-069,de,target,Ziel,de-weissbuch-2016 de-vpr-2023-de,,,
air-070,de,targeting,Zielzuweisung,de-weissbuch-2016 de-vpr-2023-de,,,
air-071,de,collateral effect,Kollateralschaden,de-weissbuch-2016 de-vpr-2023-de,,,
air-072,de,battle damage assessment (BDA),Schadensbeurteilung,de-weissbuch-2016 de-vpr-2023-de,,,
air-073,de,no-fire area (NFA),Sperrgebiet,de-weissbuch-2016 de-vpr-2023-de,,,
air-074,de,restrictive fire area (RFA),beschränktes Feuergebiet,de-weissbuch-2016 de-vpr-2023-de,,,
air-075,de,fire support coordination line (FSCL),Feuerunterstützungs-Koordinationslinie,de-weissbuch-2016 de-vpr-2023-de,,,
air-076,de,coordinated fire line (CFL),koordinierte Feuerlinie,de-weissbuch-2016 de-vpr-2023-de,,,
air-077,de,air domain,Luftraum,de-weissbuch-2016 de-vpr-2023-de,,,
air-078,de,air defense (AD),Luftverteidigung,de-weissbuch-2016 de-vpr-2023-de,,,
air-079,de,aerospace defense,Luft- und Raumverteidigung,de-weissbuch-2016 de-vpr-2023-de,,,
air-080,de,air interdiction (AI),Luftüberlegenheit,de-weissbuch-2016 de-vpr-2023-de,,,
air-081,de,airborne alert,Luftbereitschaft,de-weissbuch-2016 de-vpr-2023-de,,,
air-082,de,ground alert,Bodenbereitschaft,de-weissbuch-2016 de-vpr-2023-de,,,
air-083,de,threat assessment,Bedrohungsanalyse,de-weissbuch-2016 de-vpr-2023-de,,,
roe-008,de,engage,Engage,de-weissbuch-2016 de-vpr-2023-de,,,
roe-009,de,engagement,Engagement,de-weissbuch-2016 de-vpr-2023-de,,,
roe-010,de,engagement authority,Einsatzbefugnis,de-weissbuch-2016 de-vpr-2023-de,,,
roe-011,de,target engagement authority (TEA),Zielangriffsbefugnis,de-weissbuch-2016 de-vpr-2023-de,,,
roe-012,de,weapons free zone,Waffenfreie Zone,de-weissbuch-2016 de-vpr-2023-de,,,
roe-013,de,weapons readiness state,Einsatzbereitschaft,de-weissbuch-2016 de-vpr-2023-de,,,
roe-014,de,minimum force,Minimalkraft,de-weissbuch-2016 de-vpr-2023-de,,,
roe-015,de,show of force,Machtdemonstration,de-weissbuch-2016 de-vpr-2023-de,,,
roe-016,de,nonlethal weapon (NLW),nicht-tödliche Waffe,de-weissbuch-2016 de-vpr-2023-de,,,
roe-017,de,cease engagement,Feuer einstellen,de-weissbuch-2016 de-vpr-2023-de,,,
roe-018,de,hold fire,Feuer halten,de-weissbuch-2016 de-vpr-2023-de,,,
roe-019,de,free-fire area (FFA),Freies Schussfeld,de-weissbuch-2016 de-vpr-2023-de,,,
roe-020,de,final protective fire (FPF),Endschutzfeuer,de-weissbuch-2016 de-vpr-2023-de,,,
roe-021,de,direct fire,Direktbeschuss,de-weissbuch-2016 de-vpr-2023-de,,,
ew-001,de,electromagnetic warfare (EW),Elektronische Kampfmittel,de-weissbuch-2016 de-vpr-2023-de,,,
ew-002,de,electromagnetic attack (EA),Elektronischer Angriff,de-weissbuch-2016 de-vpr-2023-de,,,
ew-003,de,electromagnetic protection (EP),Elektronischer Schutz,de-weissbuch-2016 de-vpr-2023-de,,,
ew-004,de,electromagnetic support (ES),Elektronische Unterstützung,de-weissbuch-2016 de-vpr-2023-de,,,
ew-005,de,electromagnetic interference (EMI),Elektromagnetische Interferenz,de-weissbuch-2016 de-vpr-2023-de,,,
ew-006,de,electromagnetic spectrum operations (EMSO),Elektronische Kampfführung,de-weissbuch-2016 de-vpr-2023-de,,,
ew-007,de,electromagnetic spectrum management,Elektronische Spektrumsmanagement,de-weissbuch-2016 de-vpr-2023-de,,,
ew-008,de,electromagnetic compatibility,Elektromagnetische Verträglichkeit,de-weissbuch-2016 de-vpr-2023-de,,,
ew-009,de,electromagnetic environment (EME),Elektronische Umgebung,de-weissbuch-2016 de-vpr-2023-de,,,
ew-010,de,electromagnetic intrusion,elektromagnetische Eindringung,de-weissbuch-2016 de-vpr-2023-de,,,
ew-011,de,electromagnetic probing,elektromagnetische Abtastung,de-weissbuch-2016 de-vpr-2023-de,,,
ew-012,de,electromagnetic pulse (EMP),elektromagnetischer Impuls,de-weissbuch-2016 de-vpr-2023-de,,,
ew-013,de,emission control (EMCON),Emissionskontrolle,de-weissbuch-2016 de-vpr-2023-de,,,
ew-014,de,emission security,Emissionssicherheit,de-weissbuch-2016 de-vpr-2023-de,,,
ew-015,de,communications security (COMSEC),Funksicherheit,de-weissbuch-2016 de-vpr-2023-de,,,
ew-016,de,transmission security,Übertragungssicherheit,de-weissbuch-2016 de-vpr-2023-de,,,
ew-017,de,joint restricted frequency list (JRFL),gemeinsame eingeschränkte Frequenzliste,de-weissbuch-2016 de-vpr-2023-de,,,
ew-018,de,PROTECTED frequencies,geschützte Frequenzen,de-weissbuch-2016 de-vpr-2023-de,,,
ew-019,de,electromagnetic battle management (EMBM),elektromagnetisches Gefechtsmanagement,de-weissbuch-2016 de-vpr-2023-de,,,
ew-020,de,electromagnetic vulnerability,elektromagnetische Verwundbarkeit,de-weissbuch-2016 de-vpr-2023-de,,,
ew-021,de,electromagnetic hardening,elektromagnetische Härtung,de-weissbuch-2016 de-vpr-2023-de,,,
ew-022,de,countermeasures,Gegenmaßnahmen,de-weissbuch-2016 de-vpr-2023-de,,,
ew-023,de,electro-optical-infrared countermeasure,elektrooptisch-infrarote Gegenmaßnahme,de-weissbuch-2016 de-vpr-2023-de,,,
ew-024,de,electromagnetic spectrum superiority,Überlegenheit im elektromagnetischen Spektrum,de-weissbuch-2016 de-vpr-2023-de,,,
bd-044,de,base defense zone,Lufverteidigungszone des Flugplatzes,de-weissbuch-2016 de-vpr-2023-de,,,
bd-045,de,base boundary,Flugplatzgrenze,de-weissbuch-2016 de-vpr-2023-de,,,
bd-046,de,base cluster,Flugplatzcluster,de-weissbuch-2016 de-vpr-2023-de,,,
bd-047,de,base cluster operations center (BCOC),Base Cluster Operations Center (BCOC),de-weissbuch-2016 de-vpr-2023-de,,,
bd-048,de,physical security,Physische Sicherheit,de-weissbuch-2016 de-vpr-2023-de,,,
bd-049,de,security,Sicherheit,de-weissbuch-2016 de-vpr-2023-de,,,
bd-050,de,mobile security force (MSF),Mobile Sicherheitskraft (MSF),de-weissbuch-2016 de-vpr-2023-de,,,
bd-051,de,tactical combat force (TCF),Taktische Kampfkraft (TCF),de-weissbuch-2016 de-vpr-2023-de,,,
bd-052,de,joint security area (JSA),Gemeinsamer Sicherheitsbereich (JSA),de-weissbuch-2016 de-vpr-2023-de,,,
bd-053,de,joint security coordinator (JSC),Gemeinsamer Sicherheitskoordinator (JSC),de-weissbuch-2016 de-vpr-2023-de,,,
bd-054,de,joint security coordination center (JSCC),Gemeinsames Sicherheitskoordinationszentrum (JSCC),de-weissbuch-2016 de-vpr-2023-de,,,
bd-055,de,terrorism threat level,Terrorismusgefahrstufe,de-weissbuch-2016 de-vpr-2023-de,,,
bd-056,de,threat analysis,Gefahrenanalyse,de-weissbuch-2016 de-vpr-2023-de,,,
bd-057,de,improvised explosive device (IED),Improvised Explosive Device (IED),de-weissbuch-2016 de-vpr-2023-de,,,
bd-058,de,vehicle-borne improvised explosive device (VBIED),Fahrzeuggebundene improvisierte Sprengvorrichtung (VBIED),de-weissbuch-2016 de-vpr-2023-de,,,
bd-059,de,explosive ordnance disposal (EOD),Sprengstoffentschärfung,de-weissbuch-2016 de-vpr-2023-de,,,
bd-060,de,explosive hazard (EH),Sprengstoffgefahr,de-weissbuch-2016 de-vpr-2023-de,,,
bd-061,de,explosive ordnance,Sprengmittel,de-weissbuch-2016 de-vpr-2023-de,,,
bd-062,de,counter-improvised explosive device (C-IED),Kampfeinsatz gegen improvisierte Sprengvorrichtungen,de-weissbuch-2016 de-vpr-2023-de,,,
bd-063,de,area damage control (ADC),Schadensbegrenzung,de-weissbuch-2016 de-vpr-2023-de,,,
bd-064,de,collective protection (COLPRO),Kollektiver Schutz,de-weissbuch-2016 de-vpr-2023-de,,,
bd-065,de,individual protective equipment (IPE),Individuelle Schutzausrüstung,de-weissbuch-2016 de-vpr-2023-de,,,
bd-066,de,mission-oriented protective posture (MOPP),Schutzhaltung,de-weissbuch-2016 de-vpr-2023-de,,,
bd-067,de,defense critical infrastructure (DCI),Kritische Infrastruktur,de-weissbuch-2016 de-vpr-2023-de,,,
bd-068,de,cooperative security location (CSL),Kooperative Sicherheitsstandort,de-weissbuch-2016 de-vpr-2023-de,,,
bd-069,de,forward operating base (FOB),Vorwärtsoperierende Basis,de-weissbuch-2016 de-vpr-2023-de,,,
bd-070,de,main operating base (MOB),Hauptoperationsbasis,de-weissbuch-2016 de-vpr-2023-de,,,
bd-071,de,intermediate staging base (ISB),Zwischenstützpunkt,de-weissbuch-2016 de-vpr-2023-de,,,
bd-072,de,internal security,Innere Sicherheit,de-weissbuch-2016 de-vpr-2023-de,,,
bd-073,de,countersurveillance,Gegenspionage,de-weissbuch-2016 de-vpr-2023-de,,,
bd-074,de,operations security (OPSEC),operations security (OPSEC),de-weissbuch-2016 de-vpr-2023-de,,,
bd-075,de,force protection working group (FPWG),force protection working group (FPWG),de-weissbuch-2016 de-vpr-2023-de,,,
bd-076,de,antiterrorism (AT),antiterrorism (AT),de-weissbuch-2016 de-vpr-2023-de,,,
bd-077,de,base support installation (BSI),base support installation (BSI),de-weissbuch-2016 de-vpr-2023-de,,,
bd-078,de,joint base,joint base,de-weissbuch-2016 de-vpr-2023-de,,,
bd-079,de,dynamic threat assessment (DTA),dynamic threat assessment (DTA),de-weissbuch-2016 de-vpr-2023-de,,,
bd-080,de,countermobility,countermobility,de-weissbuch-2016 de-vpr-2023-de,,,
bd-081,de,improvised threat,improvised threat,de-weissbuch-2016 de-vpr-2023-de,,,
bd-082,de,protection,protection,de-weissbuch-2016 de-vpr-2023-de,,,
bd-083,de,force health protection (FHP),force health protection (FHP),de-weissbuch-2016 de-vpr-2023-de,,,
c2-019,de,command and control (C2),command and control (C2),de-weissbuch-2016 de-vpr-2023-de,,,
c2-020,de,command,command,de-weissbuch-2016 de-vpr-2023-de,,,
c2-021,de,control,control,de-weissbuch-2016 de-vpr-2023-de,,,
c2-022,de,operational control (OPCON),operational control (OPCON),de-weissbuch-2016 de-vpr-2023-de,,,
c2-023,de,tactical control (TACON),tactical control (TACON),de-weissbuch-2016 de-vpr-2023-de,,,
c2-024,de,administrative control (ADCON),Truppendienstliche Führung,de-weissbuch-2016 de-vpr-2023-de,,,
c2-025,de,chain of command,Kommandokette,de-weissbuch-2016 de-vpr-2023-de,,,
c2-026,de,commander's intent,Kommandogedanken,de-weissbuch-2016 de-vpr-2023-de,,,
c2-027,de,commander's critical information requirement (CCIR),Führungsrelevante Informationen,de-weissbuch-2016 de-vpr-2023-de,,,
c2-028,de,mission command,Auftragstaktik,de-weissbuch-2016 de-vpr-2023-de,,,
c2-029,de,unity of command,Einheitlichkeit der Führung,de-weissbuch-2016 de-vpr-2023-de,,,
c2-030,de,direct liaison authorized (DIRLAUTH),Direkte Kontaktaufnahme,de-weissbuch-2016 de-vpr-2023-de,,,
c2-031,de,interagency coordination,Interagency-Koordination,de-weissbuch-2016 de-vpr-2023-de,,,
c2-032,de,multinational force (MNF),Multinationale Streitkräfte,de-weissbuch-2016 de-vpr-2023-de,,,
c2-033,de,multinational force commander (MNFC),Kommandeur der multinationalen Streitkräfte,de-weissbuch-2016 de-vpr-2023-de,,,
c2-034,de,classified information,Geheimhaltungspflichtige Informationen,de-weissbuch-2016 de-vpr-2023-de,,,
c2-035,de,security review,Sicherheitsüberprüfung,de-weissbuch-2016 de-vpr-2023-de,,,
c2-036,de,command net,Führungsnetz,de-weissbuch-2016 de-vpr-2023-de,,,
c2-037,de,friendly force tracking (FFT),Freundeslagebild,de-weissbuch-2016 de-vpr-2023-de,,,
c2-038,de,warning order (WARNORD),Vorwarnung,de-weissbuch-2016 de-vpr-2023-de,,,
c2-039,de,alert order (ALERTORD),ALERTORD (ALERTORD),de-weissbuch-2016 de-vpr-2023-de,,,
c2-040,de,supported commander,unterstützter Befehlshaber (native),de-weissbuch-2016 de-vpr-2023-de,,,
c2-041,de,supporting commander,unterstützender Befehlshaber (native),de-weissbuch-2016 de-vpr-2023-de,,,
c2-042,de,joint force commander (JFC),Gemeinsamer Kommandeur (calque),de-weissbuch-2016 de-vpr-2023-de,,,
c2-043,de,joint task force (JTF),Gemeinsame Task Force (calque),de-weissbuch-2016 de-vpr-2023-de,,,
c2-044,de,command relationships,Befehlsverhältnisse (native),de-weissbuch-2016 de-vpr-2023-de,,,
c2-045,de,decentralized control,dezentrale Führung (calque),de-weissbuch-2016 de-vpr-2023-de,,,
c2-046,de,centralized control,zentrale Führung (calque),de-weissbuch-2016 de-vpr-2023-de,,,
c2-047,de,civil affairs (CA),Zivile Angelegenheiten (calque),de-weissbuch-2016 de-vpr-2023-de,,,
c2-048,de,public affairs (PA),Öffentlichkeitsarbeit (native),de-weissbuch-2016 de-vpr-2023-de,,,
c2-049,de,community engagement,Gemeinschaftsarbeit (calque),de-weissbuch-2016 de-vpr-2023-de,,,
c2-050,de,military engagement,Militärische Zusammenarbeit (calque),de-weissbuch-2016 de-vpr-2023-de,,,
c2-051,de,security cooperation (SC),Sicherheitszusammenarbeit (calque),de-weissbuch-2016 de-vpr-2023-de,,,
c2-052,de,security force assistance (SFA),Sicherheitskraftunterstützung (calque),de-weissbuch-2016 de-vpr-2023-de,,,
log-001,de,logistics,Logistik (native),de-weissbuch-2016 de-vpr-2023-de,,,
log-002,de,supply,Nachschub,de-weissbuch-2016 de-vpr-2023-de,,,
log-003,de,common-user logistics (CUL),Gemeinsame Logistik,de-weissbuch-2016 de-vpr-2023-de,,,
log-004,de,multinational logistics (MNL),Multinationale Logistik,de-weissbuch-2016 de-vpr-2023-de,,,
log-005,de,base operating support (BOS),Basisbetrieb,de-weissbuch-2016 de-vpr-2023-de,,,
log-006,de,host-nation support (HNS),Gastlandunterstützung,de-weissbuch-2016 de-vpr-2023-de,,,
log-007,de,force beddown,Truppenunterkunft,de-weissbuch-2016 de-vpr-2023-de,,,
log-008,de,staging base,Stützpunkt,de-weissbuch-2016 de-vpr-2023-de,,,
log-009,de,movement control team (MCT),Bewegungskontrollteam,de-weissbuch-2016 de-vpr-2023-de,,,
log-010,de,contractors authorized to accompany the force (CAAF),Begleitende Vertragspartner,de-weissbuch-2016 de-vpr-2023-de,,,
log-011,de,air mobility,Luftmobilität,de-weissbuch-2016 de-vpr-2023-de,,,
log-012,de,intratheater airlift,Intratheater-Lufttransport,de-weissbuch-2016 de-vpr-2023-de,,,
log-013,de,airdrop,Abwurf,de-weissbuch-2016 de-vpr-2023-de,,,
med-002,de,casualty,Gefallener,de-weissbuch-2016 de-vpr-2023-de,,,
med-003,de,casualty evacuation (CASEVAC),Gefechtsfeldrettung,de-weissbuch-2016 de-vpr-2023-de,,,
med-004,de,aeromedical evacuation (AE),Luftmedizinische Evakuierung,de-weissbuch-2016 de-vpr-2023-de,,,
med-005,de,mass casualty,Massenanfall von Verletzten,de-weissbuch-2016 de-vpr-2023-de,,,
med-006,de,roles of medical care,Rolle der medizinischen Versorgung,de-weissbuch-2016 de-vpr-2023-de,,,
med-007,de,medical treatment facility (MTF),Sanitätseinrichtung,de-weissbuch-2016 de-vpr-2023-de,,,
med-008,de,tactical combat casualty care (TCCC),Taktische Sanitätsversorgung im Einsatz,de-weissbuch-2016 de-vpr-2023-de,,,
med-009,de,combat and operational stress control (COSC),Kampf- und Einsatzstresskontrolle,de-weissbuch-2016 de-vpr-2023-de,,,
med-010,de,medical regulating,Medizinische Regulierung,de-weissbuch-2016 de-vpr-2023-de,,,
med-011,de,personal protective equipment (PPE),Persönliche Schutzausrüstung,de-weissbuch-2016 de-vpr-2023-de,,,
hadr-001,de,foreign humanitarian assistance (FHA),Ausländische humanitäre Hilfe,de-weissbuch-2016 de-vpr-2023-de,,,
hadr-002,de,foreign disaster relief (FDR),Ausländische Katastrophenhilfe,de-weissbuch-2016 de-vpr-2023-de,,,
hadr-003,de,foreign disaster,Ausländische Katastrophe,de-weissbuch-2016 de-vpr-2023-de,,,
hadr-004,de,natural disaster,Naturkatastrophe,de-weissbuch-2016 de-vpr-2023-de,,,
hadr-005,de,humanitarian and civic assistance (HCA),Humanitäre und zivile Hilfe,de-weissbuch-2016 de-vpr-2023-de,,,
hadr-006,de,humanitarian operations center (HOC),Humanitäres Operationszentrum,de-weissbuch-2016 de-vpr-2023-de,,,
hadr-007,de,humanitarian assistance coordination center (HACC),Koordinierungszentrum für humanitäre Hilfe,de-weissbuch-2016 de-vpr-2023-de,,,
hadr-008,de,disaster assistance response team (DART),Katastrophenhilfsteam,de-weissbuch-2016 de-vpr-2023-de,,,
hadr-009,de,noncombatant evacuation operation (NEO),Evakuierungsoperation,de-weissbuch-2016 de-vpr-2023-de,,,
hadr-010,de,civil-military operations center (CMOC),Zivil-Militärisches Koordinationszentrum,de-weissbuch-2016 de-vpr-2023-de,,,
hadr-011,de,dislocated civilian (DC),Vertriebene Zivilperson,de-weissbuch-2016 de-vpr-2023-de,,,
hadr-012,de,evacuation,Evakuierung,de-weissbuch-2016 de-vpr-2023-de,,,
hadr-013,de,humanitarian mine action (HMA),Humanitäre Minenräumung,de-weissbuch-2016 de-vpr-2023-de,,,
brev-019,de,JOKER,JOKER,de-weissbuch-2016 de-vpr-2023-de,,,
brev-020,de,WINCHESTER,WINCHESTER,de-weissbuch-2016 de-vpr-2023-de,,,
brev-021,de,PICTURE,PICTURE,de-weissbuch-2016 de-vpr-2023-de,,,
brev-022,de,DECLARE,DECLARE,de-weissbuch-2016 de-vpr-2023-de,,,
brev-023,de,CLEAN,CLEAN,de-weissbuch-2016 de-vpr-2023-de,,,
brev-024,de,BLIND,BLIND,de-weissbuch-2016 de-vpr-2023-de,,,
brev-025,de,VISUAL,VISUAL,de-weissbuch-2016 de-vpr-2023-de,,,
brev-026,de,ABORT,ABORT,de-weissbuch-2016 de-vpr-2023-de,,,
brev-027,de,CHECK FIRE(ING),FEUER EINSTELLEN,de-weissbuch-2016 de-vpr-2023-de,,,
brev-028,de,HOLD FIRE (brevity),FEUER HALTEN,de-weissbuch-2016 de-vpr-2023-de,,,
brev-029,de,MARK,MARK,de-weissbuch-2016 de-vpr-2023-de,,,
brev-030,de,MUSIC,MUSIC,de-weissbuch-2016 de-vpr-2023-de,,,
brev-031,de,BUZZER,BUZZER,de-weissbuch-2016 de-vpr-2023-de,,,
brev-032,de,STROBE,STROBE,de-weissbuch-2016 de-vpr-2023-de,,,
brev-033,de,NAKED,NAKED,de-weissbuch-2016 de-vpr-2023-de,,,
brev-034,de,SKATE,SKATE,de-weissbuch-2016 de-vpr-2023-de,,,
brev-035,de,BUSTER,BUSTER,de-weissbuch-2016 de-vpr-2023-de,,,
brev-036,de,GATE,GATE,de-weissbuch-2016 de-vpr-2023-de,,,
brev-037,de,PUSH,PUSH,de-weissbuch-2016 de-vpr-2023-de,,,
brev-038,de,SNAP,SNAP,de-weissbuch-2016 de-vpr-2023-de,,,
brev-039,de,SPOT,SPOT,de-weissbuch-2016 de-vpr-2023-de,,,
brev-040,de,CONTACT,CONTACT,de-weissbuch-2016 de-vpr-2023-de,,,
brev-041,de,LOST LOCK,LOST LOCK,de-weissbuch-2016 de-vpr-2023-de,,,
brev-042,de,FADED,FADED,de-weissbuch-2016 de-vpr-2023-de,,,
brev-043,de,POP,POP,de-weissbuch-2016 de-vpr-2023-de,,,
brev-044,de,SORTED,SORTED,de-weissbuch-2016 de-vpr-2023-de,,,
brev-045,de,STATUS,STATUS,de-weissbuch-2016 de-vpr-2023-de,,,
brev-046,de,TRACK (brevity),TRACK,de-weissbuch-2016 de-vpr-2023-de,,,
brev-047,de,SAM,SAM,de-weissbuch-2016 de-vpr-2023-de,,,
brev-048,de,THREAT,THREAT,de-weissbuch-2016 de-vpr-2023-de,,,
brev-049,de,ENGAGED,ENGAGED,de-weissbuch-2016 de-vpr-2023-de,,,
brev-050,de,COMMIT,COMMIT,de-weissbuch-2016 de-vpr-2023-de,,,
brev-051,de,BRACKET,BRACKET,de-weissbuch-2016 de-vpr-2023-de,,,
brev-052,de,BREAK (direction),BREAK,de-weissbuch-2016 de-vpr-2023-de,,,
brev-053,de,KILL,KILL,de-weissbuch-2016 de-vpr-2023-de,,,
brev-054,de,SCRAM,SCRAM,de-weissbuch-2016 de-vpr-2023-de,,,
brev-055,de,LEAKER,LEAKER,de-weissbuch-2016 de-vpr-2023-de,,,
cuas-001,id,unmanned aircraft system (UAS),sistem pesawat tak berawak (SPT),id-bukuputih-2015-id,,,
cuas-002,id,unmanned aircraft (UA),pesawat tak berawak (PTB),id-bukuputih-2015-id,,,
cuas-003,id,small unmanned aircraft system (sUAS),sistem pesawat tak berawak kecil (SPTKB),id-bukuputih-2015-id,,,
cuas-004,id,UAS group (Groups 1–5),grup sistem pesawat tak berawak (GSPTB),id-bukuputih-2015-id,,,
cuas-005,id,first-person-view (FPV) drone,drone pandang pertama (FPV),id-bukuputih-2015-id,,,
cuas-006,id,loitering munition (one-way attack UAS),munisi mengembara,id-bukuputih-2015-id,,,
cuas-007,id,swarm,rambu,id-bukuputih-2015-id,,,
cuas-008,id,fixed-wing aircraft,pesawat sayap tetap (PST),id-bukuputih-2015-id,,,
cuas-009,id,rotary-wing aircraft,pesawat sayap berputar (PSB),id-bukuputih-2015-id,,,
cuas-010,id,multirotor drone,drone multirotor,id-bukuputih-2015-id,,,
cuas-011,id,counter-unmanned aircraft system (C-UAS),sistem pertahanan pesawat tak berawak (SPPTB),id-bukuputih-2015-id,,,
cuas-012,id,layered defense,pertahanan lapisan,id-bukuputih-2015-id,,,
cuas-013,id,detection,deteksi,id-bukuputih-2015-id,,,
cuas-014,id,tracking,pelacakan,id-bukuputih-2015-id,,,
cuas-015,id,identification (ID),identifikasi (ID),id-bukuputih-2015-id,,,
cuas-016,id,defeat,menewaskan (<native>),id-bukuputih-2015-id,,,
cuas-017,id,kinetic defeat,penewasan kinetik (<calque>),id-bukuputih-2015-id,,,
cuas-018,id,non-kinetic defeat,penewasan non-kinetik (<calque>),id-bukuputih-2015-id,,,
cuas-019,id,radio-frequency (RF) detection,deteksi frekuensi radio (RF) (<calque>),id-bukuputih-2015-id,,,
cuas-020,id,radar,radar (<loanword>),id-bukuputih-2015-id,,,
cuas-021,id,electro-optical/infrared (EO/IR) sensor,sensor elektro-optik/inframerah (EO/IR) (<calque>),id-bukuputih-2015-id,,,
cuas-022,id,acoustic sensor,sensor akustik (<calque>),id-bukuputih-2015-id,,,
cuas-023,id,active defense,pertahanan aktif (<calque>),id-bukuputih-2015-id,,,
cuas-024,id,passive defense,pertahanan pasif (<calque>),id-bukuputih-2015-id,,,
cuas-025,id,electromagnetic jamming,penyusupan elektromagnetik (<calque>),id-bukuputih-2015-id,,,
cuas-026,id,spoofing,spoofing (<loanword>),id-bukuputih-2015-id,,,
cuas-027,id,navigation warfare (NAVWAR),perang navigasi (NAVWAR) (<calque>),id-bukuputih-2015-id,,,
cuas-028,id,directed energy (DE),energi terarah (DE) (<calque>),id-bukuputih-2015-id,,,
cuas-029,id,directed-energy weapon,senjata energi terarah (<calque>),id-bukuputih-2015-id,,,
cuas-030,id,interceptor drone,drone interceptor (<loanword>),id-bukuputih-2015-id,,,
cuas-031,id,net capture,penangkapan jaring,id-bukuputih-2015-id,,,
cuas-032,id,command and control (C2) link,tautan komando dan kendali,id-bukuputih-2015-id,,,
cuas-033,id,data link,tautan data,id-bukuputih-2015-id,,,
cuas-034,id,frequency band,band frekuensi,id-bukuputih-2015-id,,,
cuas-035,id,remote identification (Remote ID),identifikasi jarak jauh,id-bukuputih-2015-id,,,
cuas-036,id,drone operator location,lokasi operator drone,id-bukuputih-2015-id,,,
cuas-037,id,launch point,titik peluncuran,id-bukuputih-2015-id,,,
cuas-038,id,recovery point,titik pemulihan,id-bukuputih-2015-id,,,
cuas-039,id,flight profile,profil penerbangan,id-bukuputih-2015-id,,,
cuas-040,id,loiter,mengelilingi,id-bukuputih-2015-id,,,
cuas-041,id,ingress,masuk,id-bukuputih-2015-id,,,
cuas-042,id,egress,keluar,id-bukuputih-2015-id,,,
cuas-043,id,mass raid,serangan massal,id-bukuputih-2015-id,,,
cuas-044,id,saturation,kesatuan,id-bukuputih-2015-id,,,
cuas-045,id,collateral damage,kerusakan kolateral,id-bukuputih-2015-id,,,
cuas-046,id,weapon engagement zone (WEZ),zona engagemen senjata,id-bukuputih-2015-id,,,
cuas-047,id,weapons control status,status kontrol senjata,id-bukuputih-2015-id,,,
roe-001,id,weapons free,senjata bebas,id-bukuputih-2015-id,,,
roe-002,id,weapons tight,senjata ketat,id-bukuputih-2015-id,,,
roe-003,id,weapons hold,senjata tahan,id-bukuputih-2015-id,,,
roe-004,id,rules of engagement (ROE),peraturan penggunaan senjata,id-bukuputih-2015-id,,,
roe-005,id,hostile act,tindakan musuh,id-bukuputih-2015-id,,,
roe-006,id,hostile intent,niat musuh,id-bukuputih-2015-id,,,
roe-007,id,positive identification (PID),identifikasi positif,id-bukuputih-2015-id,,,
air-001,id,track number,nomor jejak,id-bukuputih-2015-id,,,
air-002,id,track,jejak,id-bukuputih-2015-id,,,
c2-001,id,common operational picture (COP),gambaran operasi bersama,id-bukuputih-2015-id,,,
air-003,id,airspace coordinating measures (ACMs),ukuran koordinasi ruang udara,id-bukuputih-2015-id,,,
air-004,id,restricted operations zone (ROZ),zona operasi terbatas,id-bukuputih-2015-id,,,
air-005,id,no-drone zone,zona tanpa drone,id-bukuputih-2015-id,,,
air-006,id,temporary flight restriction,zona terbatas terbang,id-bukuputih-2015-id,,,
air-007,id,air defense warning condition (ADWC),kondisi peringatan pertahanan udara,id-bukuputih-2015-id,,,
bd-001,id,base defense operations center (BDOC),Pusat Operasi Pertahanan Pangkalan,id-bukuputih-2015-id,,,
bd-002,id,base defense,pertahanan pangkalan,id-bukuputih-2015-id,,,
bd-003,id,force protection (FP),perlindungan kekuatan,id-bukuputih-2015-id,,,
bd-004,id,force protection condition (FPCON),kondisi perlindungan kekuatan,id-bukuputih-2015-id,,,
bd-005,id,entry control point,titik kontrol masuk,id-bukuputih-2015-id,,,
bd-006,id,vehicle search area,area pemeriksaan kendaraan,id-bukuputih-2015-id,,,
bd-007,id,perimeter,perimeter,id-bukuputih-2015-id,,,
bd-008,id,sector,sektor,id-bukuputih-2015-id,,,
bd-009,id,observation post,pos pengamatan,id-bukuputih-2015-id,,,
bd-010,id,listening post,pos mendengarkan,id-bukuputih-2015-id,,,
bd-011,id,quick reaction force,kekuatan reaksi cepat,id-bukuputih-2015-id,,,
bd-012,id,security forces,kekuatan keamanan,id-bukuputih-2015-id,,,
bd-013,id,defender,penjahit,id-bukuputih-2015-id,,,
bd-014,id,patrol,patrol,id-bukuputih-2015-id,,,
bd-015,id,random antiterrorism measure,random antiterrorism measure,id-bukuputih-2015-id,,,
bd-016,id,standoff distance,standoff distance,id-bukuputih-2015-id,,,
bd-017,id,barrier,barrier,id-bukuputih-2015-id,,,
bd-018,id,blast mitigation,blast mitigation,id-bukuputih-2015-id,,,
bd-019,id,alarm condition,alarm condition,id-bukuputih-2015-id,,,
bd-020,id,post-attack reconnaissance,post-attack reconnaissance,id-bukuputih-2015-id,,,
bd-021,id,unexploded explosive ordnance (UXO),unexploded explosive ordnance (UXO),id-bukuputih-2015-id,,,
bd-022,id,shelter in place,shelter in place,id-bukuputih-2015-id,,,
bd-023,id,bunker,bunker,id-bukuputih-2015-id,,,
bd-024,id,cover and concealment,cover and concealment,id-bukuputih-2015-id,,,
bd-025,id,accountability,accountability,id-bukuputih-2015-id,,,
bd-026,id,lockdown,lockdown,id-bukuputih-2015-id,,,
bd-027,id,all clear,all clear,id-bukuputih-2015-id,,,
bd-028,id,incident commander,incident commander,id-bukuputih-2015-id,,,
air-008,id,airspace control,ruang udara,id-bukuputih-2015-id,,,
air-009,id,air tasking order (ATO),perintah tugas udara (PTU),id-bukuputih-2015-id,,,
air-010,id,air defense artillery (ADA),senjata pertahanan udara (SPU),id-bukuputih-2015-id,,,
air-011,id,"identification, friend or foe (IFF)",identifikasi teman atau musuh (ITM),id-bukuputih-2015-id,,,
air-012,id,squawk,kode transponder,id-bukuputih-2015-id,,,
air-013,id,altitude block,blok ketinggian,id-bukuputih-2015-id,,,
air-014,id,deconfliction,penyesuaian,id-bukuputih-2015-id,,,
air-015,id,kill box,kotak pembunuhan,id-bukuputih-2015-id,,,
air-016,id,call sign (CS),nama panggilan (NN),id-bukuputih-2015-id,,,
brev-001,id,brevity code,kode singkatan,id-bukuputih-2015-id,,,
air-017,id,check-in,laporan kedatangan,id-bukuputih-2015-id,,,
c2-002,id,situation report (SITREP),laporan situasi (LS),id-bukuputih-2015-id,,,
c2-003,id,spot report (SPOTREP),laporan titik (LT),id-bukuputih-2015-id,,,
med-001,id,nine-line medical evacuation request,permintaan evakuasi medis sembilan baris,id-bukuputih-2015-id,,,
air-018,id,grid reference,referensi grid,id-bukuputih-2015-id,,,
air-019,id,bearing,arah,id-bukuputih-2015-id,,,
air-020,id,time on target (TOT),waktu tembak,id-bukuputih-2015-id,,,
brev-002,id,BOGEY,BOGEY,id-bukuputih-2015-id,,,
brev-003,id,BANDIT,BANDIT,id-bukuputih-2015-id,,,
brev-004,id,HOSTILE,HOSTILE,id-bukuputih-2015-id,,,
brev-005,id,FRIENDLY,FRIENDLY,id-bukuputih-2015-id,,,
brev-006,id,UNKNOWN,UNKNOWN,id-bukuputih-2015-id,,,
brev-007,id,SPLASH,SPLASH,id-bukuputih-2015-id,,,
brev-008,id,SPIKE,SPIKE,id-bukuputih-2015-id,,,
brev-009,id,NO JOY,NO JOY,id-bukuputih-2015-id,,,
brev-010,id,TALLY,TALLY,id-bukuputih-2015-id,,,
brev-011,id,BINGO,BINGO,id-bukuputih-2015-id,,,
brev-012,id,CEASE FIRE,HENTIKAN TEMPUR,id-bukuputih-2015-id,,,
brev-013,id,WEAPONS (FREE / TIGHT / HOLD),SENJATA (BEBAS / KERAS / TANGGUH),id-bukuputih-2015-id,,,
brev-014,id,STAND BY,SIAP,id-bukuputih-2015-id,,,
brev-015,id,SAY AGAIN,Ulangi,id-bukuputih-2015-id,,,
brev-016,id,ROGER,Roger,id-bukuputih-2015-id,,,
brev-017,id,WILCO,Wilco,id-bukuputih-2015-id,,,
brev-018,id,BREAK BREAK,Break Break,id-bukuputih-2015-id,,,
c2-004,id,authority,Kewenangan,id-bukuputih-2015-id,,,
c2-005,id,delegation of authority,Delegasi kewenangan,id-bukuputih-2015-id,,,
c2-006,id,coordinating authority,Kewenangan koordinasi,id-bukuputih-2015-id,,,
c2-007,id,approval,Persetujuan,id-bukuputih-2015-id,,,
c2-008,id,liaison,Hubungan koordinasi,id-bukuputih-2015-id,,,
c2-009,id,interoperability,Kerjasama operasi,id-bukuputih-2015-id,,,
c2-010,id,information sharing,Pembagian informasi,id-bukuputih-2015-id,,,
c2-011,id,caveat,Batasan,id-bukuputih-2015-id,,,
c2-012,id,classification,Klasifikasi,id-bukuputih-2015-id,,,
c2-013,id,release,Rilis,id-bukuputih-2015-id,,,
c2-014,id,exercise,Latihan,id-bukuputih-2015-id,,,
c2-015,id,drill,latihan,id-bukuputih-2015-id,,,
c2-016,id,scenario,skenario,id-bukuputih-2015-id,,,
c2-017,id,lessons learned,pelajaran yang dipelajari,id-bukuputih-2015-id,,,
c2-018,id,after action review,tinjauan pasca aksi,id-bukuputih-2015-id,,,
air-021,id,airspace control authority (ACA),Otoritas Pengendalian Ruang Udara,id-bukuputih-2015-id,,,
air-022,id,airspace control order (ACO),Perintah Pengendalian Ruang Udara,id-bukuputih-2015-id,,,
air-023,id,airspace control plan (ACP),Rencana Pengendalian Ruang Udara,id-bukuputih-2015-id,,,
air-024,id,airspace management,Pengelolaan Ruang Udara,id-bukuputih-2015-id,,,
air-025,id,airspace coordination area (ACA),Zona Koordinasi Ruang Udara,id-bukuputih-2015-id,,,
air-026,id,air defense identification zone,Zona Identifikasi Pertahanan Udara,id-bukuputih-2015-id,,,
air-027,id,air corridor,Koridor Udara,id-bukuputih-2015-id,,,
air-028,id,coordinating altitude (CA),Ketinggian Koordinasi,id-bukuputih-2015-id,,,
air-029,id,restricted areas (air),Area Terlarang,id-bukuputih-2015-id,,,
air-030,id,high-density airspace control zone (HIDACZ),Zona Pengendalian Ruang Udara Berkepadatan Tinggi,id-bukuputih-2015-id,,,
air-031,id,positive control,Pengendalian Positif,id-bukuputih-2015-id,,,
air-032,id,procedural control,pengendalian ruang udara prosedural,id-bukuputih-2015-id,,,
air-033,id,air route,rute udara,id-bukuputih-2015-id,,,
air-034,id,air operations center (AOC),Pusat Operasi Udara (POU),id-bukuputih-2015-id,,,
air-035,id,air support operations center (ASOC),Pusat Operasi Dukungan Udara (PODU),id-bukuputih-2015-id,,,
air-036,id,missile engagement zone (MEZ),Zona Pertempuran Peluru Kendali (ZPPK),id-bukuputih-2015-id,,,
air-037,id,joint engagement zone (JEZ),Zona Pertempuran Gabungan (ZPG),id-bukuputih-2015-id,,,
air-038,id,fighter engagement zone (FEZ),Zona Pertempuran Tempur Udara (ZPTU),id-bukuputih-2015-id,,,
air-039,id,low-altitude missile engagement zone (LOMEZ),Zona Pertempuran Peluru Kendali Rendah (ZPPR),id-bukuputih-2015-id,,,
air-040,id,short-range air defense engagement zone (SHORADEZ),Zona Pertempuran Pertahanan Udara Jarak Pendek (ZPPUJP),id-bukuputih-2015-id,,,
air-041,id,high-altitude missile engagement zone (HIMEZ),Zona Pertempuran Peluru Kendali Tinggi (ZPPT),id-bukuputih-2015-id,,,
air-042,id,air defense area,wilayah pertahanan udara,id-bukuputih-2015-id,,,
air-043,id,air defense region,wilayah pertahanan udara regional,id-bukuputih-2015-id,,,
air-044,id,air defense sector,sektor pertahanan udara,id-bukuputih-2015-id,,,
air-045,id,selective identification feature (SIF),fitur identifikasi selektif (FIS),id-bukuputih-2015-id,,,
air-046,id,procedural identification,identifikasi prosedural,id-bukuputih-2015-id,,,
air-047,id,combat identification (CID),pengenalan tempur,id-bukuputih-2015-id,,,
air-048,id,combat air patrol (CAP),patroli udara tempur,id-bukuputih-2015-id,,,
air-049,id,track of interest,jejak minat,id-bukuputih-2015-id,,,
air-050,id,airborne early warning,peringatan dini udara,id-bukuputih-2015-id,,,
air-051,id,threat warning,peringatan ancaman,id-bukuputih-2015-id,,,
air-052,id,air and missile defense (AMD),pertahanan udara dan rudal,id-bukuputih-2015-id,,,
air-053,id,integrated air and missile defense (IAMD),pertahanan udara dan rudal terpadu,id-bukuputih-2015-id,,,
air-054,id,defensive counterair (DCA),pertahanan udara,id-bukuputih-2015-id,,,
air-055,id,counterair,operasi udara,id-bukuputih-2015-id,,,
air-056,id,point defense,pertahanan titik,id-bukuputih-2015-id,,,
air-057,id,area air defense commander (AADC),komandan pertahanan udara wilayah,id-bukuputih-2015-id,,,
air-058,id,regional air defense commander (RADC),komandan pertahanan udara regional,id-bukuputih-2015-id,,,
air-059,id,sector air defense commander (SADC),komandan pertahanan udara sektor,id-bukuputih-2015-id,,,
air-060,id,defended asset list (DAL),daftar aset yang dilindungi,id-bukuputih-2015-id,,,
air-061,id,missile defense (MD),pertahanan rudal,id-bukuputih-2015-id,,,
air-062,id,air superiority,kesetaraan udara,id-bukuputih-2015-id,,,
air-063,id,close air support (CAS),dukungan udara dekat,id-bukuputih-2015-id,,,
air-064,id,forward air controller (FAC),petugas pengendali udara maju,id-bukuputih-2015-id,,,
air-065,id,joint terminal attack controller (JTAC),petugas pengendali serangan gabungan,id-bukuputih-2015-id,,,
air-066,id,tactical air control party (TACP),tim pengendali udara taktis,id-bukuputih-2015-id,,,
air-067,id,air liaison officer (ALO),perwira perhubungan udara,id-bukuputih-2015-id,,,
air-068,id,time-sensitive target (TST),sasaran sensitif waktu,id-bukuputih-2015-id,,,
air-069,id,target,sasaran,id-bukuputih-2015-id,,,
air-070,id,targeting,penargetan,id-bukuputih-2015-id,,,
air-071,id,collateral effect,efek kolateral,id-bukuputih-2015-id,,,
air-072,id,battle damage assessment (BDA),penilaian kerusakan tempur,id-bukuputih-2015-id,,,
air-073,id,no-fire area (NFA),area larangan tembak,id-bukuputih-2015-id,,,
air-074,id,restrictive fire area (RFA),area tembak terbatas,id-bukuputih-2015-id,,,
air-075,id,fire support coordination line (FSCL),garis koordinasi dukungan tembak,id-bukuputih-2015-id,,,
air-076,id,coordinated fire line (CFL),garis tembak koordinasi,id-bukuputih-2015-id,,,
air-077,id,air domain,ruang udara (<native>),id-bukuputih-2015-id,,,
air-078,id,air defense (AD),pertahanan udara (<native>),id-bukuputih-2015-id,,,
air-079,id,aerospace defense,pertahanan aerospace (<loanword>),id-bukuputih-2015-id,,,
air-080,id,air interdiction (AI),penyerangan udara (<native>),id-bukuputih-2015-id,,,
air-081,id,airborne alert,siaga udara (<native>),id-bukuputih-2015-id,,,
air-082,id,ground alert,siaga darat (<native>),id-bukuputih-2015-id,,,
air-083,id,threat assessment,penilaian ancaman (<native>),id-bukuputih-2015-id,,,
roe-008,id,engage,engage (<loanword>),id-bukuputih-2015-id,,,
roe-009,id,engagement,engagement (<loanword>),id-bukuputih-2015-id,,,
roe-010,id,engagement authority,otoritas penyerangan (<native>),id-bukuputih-2015-id,,,
roe-011,id,target engagement authority (TEA),otoritas penyerangan target (OPT) (<acronym>),id-bukuputih-2015-id,,,
roe-012,id,weapons free zone,zona bebas senjata (<native>),id-bukuputih-2015-id,,,
roe-013,id,weapons readiness state,tingkat siaga senjata (<native>),id-bukuputih-2015-id,,,
roe-014,id,minimum force,kekuatan minimum (<native>),id-bukuputih-2015-id,,,
roe-015,id,show of force,demonstrasi kekuatan (<native>),id-bukuputih-2015-id,,,
roe-016,id,nonlethal weapon (NLW),senjata nonlethal,id-bukuputih-2015-id,,,
roe-017,id,cease engagement,berhenti tempur,id-bukuputih-2015-id,,,
roe-018,id,hold fire,berhenti tembak,id-bukuputih-2015-id,,,
roe-019,id,free-fire area (FFA),area tembak bebas,id-bukuputih-2015-id,,,
roe-020,id,final protective fire (FPF),tembakan perlindungan akhir,id-bukuputih-2015-id,,,
roe-021,id,direct fire,tembakan langsung,id-bukuputih-2015-id,,,
ew-001,id,electromagnetic warfare (EW),perang elektromagnetik,id-bukuputih-2015-id,,,
ew-002,id,electromagnetic attack (EA),serangan elektromagnetik,id-bukuputih-2015-id,,,
ew-003,id,electromagnetic protection (EP),perlindungan elektromagnetik,id-bukuputih-2015-id,,,
ew-004,id,electromagnetic support (ES),dukungan elektromagnetik,id-bukuputih-2015-id,,,
ew-005,id,electromagnetic interference (EMI),gangguan elektromagnetik,id-bukuputih-2015-id,,,
ew-006,id,electromagnetic spectrum operations (EMSO),operasi spektrum elektromagnetik,id-bukuputih-2015-id,,,
ew-007,id,electromagnetic spectrum management,manajemen spektrum elektromagnetik,id-bukuputih-2015-id,,,
ew-008,id,electromagnetic compatibility,kompatibilitas elektromagnetik,id-bukuputih-2015-id,,,
ew-009,id,electromagnetic environment (EME),lingkungan elektromagnetik,id-bukuputih-2015-id,,,
ew-010,id,electromagnetic intrusion,gangguan intrusi elektromagnetik,id-bukuputih-2015-id,,,
ew-011,id,electromagnetic probing,pengujian elektromagnetik,id-bukuputih-2015-id,,,
ew-012,id,electromagnetic pulse (EMP),gelombang elektromagnetik,id-bukuputih-2015-id,,,
ew-013,id,emission control (EMCON),kontrol emisi (EMECON),id-bukuputih-2015-id,,,
ew-014,id,emission security,keamanan emisi,id-bukuputih-2015-id,,,
ew-015,id,communications security (COMSEC),keamanan komunikasi (COMSEC),id-bukuputih-2015-id,,,
ew-016,id,transmission security,keamanan transmisi,id-bukuputih-2015-id,,,
ew-017,id,joint restricted frequency list (JRFL),daftar frekuensi terbatas bersama (JRFL),id-bukuputih-2015-id,,,
ew-018,id,PROTECTED frequencies,frekuensi dilindungi,id-bukuputih-2015-id,,,
ew-019,id,electromagnetic battle management (EMBM),manajemen pertempuran elektromagnetik (EMBM),id-bukuputih-2015-id,,,
ew-020,id,electromagnetic vulnerability,kerentanan elektromagnetik,id-bukuputih-2015-id,,,
ew-021,id,electromagnetic hardening,pengendalian elektromagnetik,id-bukuputih-2015-id,,,
ew-022,id,countermeasures,kontramukatan,id-bukuputih-2015-id,,,
ew-023,id,electro-optical-infrared countermeasure,kontramukatan elektro-optik-infra merah,id-bukuputih-2015-id,,,
ew-024,id,electromagnetic spectrum superiority,keunggulan spektrum elektromagnetik,id-bukuputih-2015-id,,,
bd-044,id,base defense zone,zona pertahanan pangkalan,id-bukuputih-2015-id,,,
bd-045,id,base boundary,batas pangkalan,id-bukuputih-2015-id,,,
bd-046,id,base cluster,gugusan pangkalan,id-bukuputih-2015-id,,,
bd-047,id,base cluster operations center (BCOC),pusat operasi gugusan pangkalan (BCOC),id-bukuputih-2015-id,,,
bd-048,id,physical security,keamanan fisik,id-bukuputih-2015-id,,,
bd-049,id,security,keamanan,id-bukuputih-2015-id,,,
bd-050,id,mobile security force (MSF),pasukan keamanan gerak cepat (MSF),id-bukuputih-2015-id,,,
bd-051,id,tactical combat force (TCF),pasukan tempur taktis (TCF),id-bukuputih-2015-id,,,
bd-052,id,joint security area (JSA),area keamanan bersama (JSA),id-bukuputih-2015-id,,,
bd-053,id,joint security coordinator (JSC),koordinator keamanan bersama (JSC),id-bukuputih-2015-id,,,
bd-054,id,joint security coordination center (JSCC),pusat koordinasi keamanan bersama (JSCC),id-bukuputih-2015-id,,,
bd-055,id,terrorism threat level,tingkat ancaman teroris,id-bukuputih-2015-id,,,
bd-056,id,threat analysis,analisis ancaman,id-bukuputih-2015-id,,,
bd-057,id,improvised explosive device (IED),perangkat ledakan buatan (IED),id-bukuputih-2015-id,,,
bd-058,id,vehicle-borne improvised explosive device (VBIED),perangkat ledakan buatan berbasis kendaraan (VBIED),id-bukuputih-2015-id,,,
bd-074,id,operations security (OPSEC),operasi keamanan operasi (OPSEC),id-bukuputih-2015-id,,,
bd-075,id,force protection working group (FPWG),kelompok kerja perlindungan kekuatan (FPWG),id-bukuputih-2015-id,,,
bd-076,id,antiterrorism (AT),antiteroris (AT),id-bukuputih-2015-id,,,
bd-077,id,base support installation (BSI),instalasi dukungan basis (BSI),id-bukuputih-2015-id,,,
bd-078,id,joint base,basis gabungan,id-bukuputih-2015-id,,,
bd-079,id,dynamic threat assessment (DTA),penilaian ancaman dinamis (DTA),id-bukuputih-2015-id,,,
bd-080,id,countermobility,kontra mobilitas,id-bukuputih-2015-id,,,
bd-081,id,improvised threat,ancaman improvisasi,id-bukuputih-2015-id,,,
bd-082,id,protection,perlindungan,id-bukuputih-2015-id,,,
bd-083,id,force health protection (FHP),perlindungan kesehatan kekuatan (FHP),id-bukuputih-2015-id,,,
c2-019,id,command and control (C2),pemerintahan dan kendali (C2),id-bukuputih-2015-id,,,
c2-020,id,command,pemerintahan,id-bukuputih-2015-id,,,
c2-021,id,control,kendali,id-bukuputih-2015-id,,,
c2-022,id,operational control (OPCON),kendali operasi (OPCON),id-bukuputih-2015-id,,,
c2-023,id,tactical control (TACON),kendali taktis (TACON),id-bukuputih-2015-id,,,
c2-024,id,administrative control (ADCON),kontrol administratif,id-bukuputih-2015-id,,,
c2-025,id,chain of command,rantai perintah,id-bukuputih-2015-id,,,
c2-026,id,commander's intent,niat panglima,id-bukuputih-2015-id,,,
c2-027,id,commander's critical information requirement (CCIR),persyaratan informasi kritis panglima,id-bukuputih-2015-id,,,
c2-028,id,mission command,perintah misi,id-bukuputih-2015-id,,,
c2-029,id,unity of command,kesatuan perintah,id-bukuputih-2015-id,,,
c2-030,id,direct liaison authorized (DIRLAUTH),otorisasi kontak langsung,id-bukuputih-2015-id,,,
c2-031,id,interagency coordination,koordinasi antarlembaga,id-bukuputih-2015-id,,,
c2-032,id,multinational force (MNF),satuan multinational,id-bukuputih-2015-id,,,
c2-033,id,multinational force commander (MNFC),panglima satuan multinational,id-bukuputih-2015-id,,,
c2-034,id,classified information,informasi rahasia,id-bukuputih-2015-id,,,
c2-035,id,security review,uji keamanan,id-bukuputih-2015-id,,,
c2-036,id,command net,jaringan perintah,id-bukuputih-2015-id,,,
c2-037,id,friendly force tracking (FFT),pelacakan kekuatan persahabatan,id-bukuputih-2015-id,,,
c2-038,id,warning order (WARNORD),perintah peringatan,id-bukuputih-2015-id,,,
c2-039,id,alert order (ALERTORD),perintah siaga,id-bukuputih-2015-id,,,
c2-040,id,supported commander,komandan yang didukung,id-bukuputih-2015-id,,,
c2-041,id,supporting commander,komandan pendukung,id-bukuputih-2015-id,,,
c2-042,id,joint force commander (JFC),komandan pasukan gabungan (JFC),id-bukuputih-2015-id,,,
c2-043,id,joint task force (JTF),pasukan tugas gabungan (JTF),id-bukuputih-2015-id,,,
c2-044,id,command relationships,hubungan komando,id-bukuputih-2015-id,,,
c2-045,id,decentralized control,kontrol terdesentralisasi,id-bukuputih-2015-id,,,
c2-046,id,centralized control,kontrol terpusat,id-bukuputih-2015-id,,,
c2-047,id,civil affairs (CA),urusan sipil (CA),id-bukuputih-2015-id,,,
c2-048,id,public affairs (PA),urusan publik (PA),id-bukuputih-2015-id,,,
c2-049,id,community engagement,pengembangan hubungan masyarakat,id-bukuputih-2015-id,,,
c2-050,id,military engagement,pengembangan hubungan militer,id-bukuputih-2015-id,,,
c2-051,id,security cooperation (SC),kerjasama keamanan (SC),id-bukuputih-2015-id,,,
c2-052,id,security force assistance (SFA),bantuan kekuatan keamanan (SFA),id-bukuputih-2015-id,,,
log-001,id,logistics,logistik,id-bukuputih-2015-id,,,
log-002,id,supply,pendapatan,id-bukuputih-2015-id,,,
log-003,id,common-user logistics (CUL),logistik penggunaan bersama,id-bukuputih-2015-id,,,
log-004,id,multinational logistics (MNL),logistik multinasional,id-bukuputih-2015-id,,,
log-005,id,base operating support (BOS),dukungan operasi basis,id-bukuputih-2015-id,,,
log-006,id,host-nation support (HNS),dukungan negara tuan rumah,id-bukuputih-2015-id,,,
log-007,id,force beddown,tempat berlabuh,id-bukuputih-2015-id,,,
log-008,id,staging base,basis penyediaan,id-bukuputih-2015-id,,,
log-009,id,movement control team (MCT),tim pengendalian gerakan,id-bukuputih-2015-id,,,
log-010,id,contractors authorized to accompany the force (CAAF),kontraktor yang diberi izin untuk mengikuti pasukan,id-bukuputih-2015-id,,,
log-011,id,air mobility,mobilitas udara,id-bukuputih-2015-id,,,
log-012,id,intratheater airlift,angkutan udara intrateater,id-bukuputih-2015-id,,,
log-013,id,airdrop,pengentasan udara,id-bukuputih-2015-id,,,
med-002,id,casualty,korban,id-bukuputih-2015-id,,,
med-003,id,casualty evacuation (CASEVAC),evakuasi korban,id-bukuputih-2015-id,,,
med-004,id,aeromedical evacuation (AE),evakuasi aeromedis,id-bukuputih-2015-id,,,
med-005,id,mass casualty,korban jiwa massal,id-bukuputih-2015-id,,,
med-006,id,roles of medical care,peran perawatan medis,id-bukuputih-2015-id,,,
med-007,id,medical treatment facility (MTF),fasilitas perawatan medis,id-bukuputih-2015-id,,,
med-008,id,tactical combat casualty care (TCCC),perawatan korban tempur taktis,id-bukuputih-2015-id,,,
med-009,id,combat and operational stress control (COSC),pengendalian tekanan tempur dan operasi,id-bukuputih-2015-id,,,
med-010,id,medical regulating,regulasi medis,id-bukuputih-2015-id,,,
med-011,id,personal protective equipment (PPE),peralatan pelindung pribadi,id-bukuputih-2015-id,,,
hadr-001,id,foreign humanitarian assistance (FHA),bantuan kemanusiaan luar negeri,id-bukuputih-2015-id,,,
hadr-002,id,foreign disaster relief (FDR),bantuan bencana luar negeri,id-bukuputih-2015-id,,,
hadr-003,id,foreign disaster,bencana luar negeri,id-bukuputih-2015-id,,,
hadr-004,id,natural disaster,bencana alam,id-bukuputih-2015-id,,,
hadr-005,id,humanitarian and civic assistance (HCA),bantuan kemanusiaan dan sipil,id-bukuputih-2015-id,,,
hadr-006,id,humanitarian operations center (HOC),pusat operasi kemanusiaan,id-bukuputih-2015-id,,,
hadr-007,id,humanitarian assistance coordination center (HACC),pusat koordinasi bantuan kemanusiaan,id-bukuputih-2015-id,,,
hadr-008,id,disaster assistance response team (DART),tim tanggap bencana,id-bukuputih-2015-id,,,
hadr-009,id,noncombatant evacuation operation (NEO),operasi evakuasi non-kombatan (OENK),id-bukuputih-2015-id,,,
hadr-010,id,civil-military operations center (CMOC),pusat operasi sipil-militer (POSMIL),id-bukuputih-2015-id,,,
hadr-011,id,dislocated civilian (DC),warga sipil terpisah (WST),id-bukuputih-2015-id,,,
hadr-012,id,evacuation,evakuasi,id-bukuputih-2015-id,,,
hadr-013,id,humanitarian mine action (HMA),tindakan humaniter anti ranjau (THAR),id-bukuputih-2015-id,,,
brev-019,id,JOKER,JOKER,id-bukuputih-2015-id,,,
brev-020,id,WINCHESTER,WINCHESTER,id-bukuputih-2015-id,,,
brev-021,id,PICTURE,PICTURE,id-bukuputih-2015-id,,,
brev-022,id,DECLARE,DECLARE,id-bukuputih-2015-id,,,
brev-023,id,CLEAN,CLEAN,id-bukuputih-2015-id,,,
brev-024,id,BLIND,BLIND,id-bukuputih-2015-id,,,
brev-025,id,VISUAL,VISUAL,id-bukuputih-2015-id,,,
brev-026,id,ABORT,BATAL,id-bukuputih-2015-id,,,
brev-027,id,CHECK FIRE(ING),CEK TEMBAK,id-bukuputih-2015-id,,,
brev-028,id,HOLD FIRE (brevity),TINGGAL TEMBAK,id-bukuputih-2015-id,,,
brev-029,id,MARK,MARK,id-bukuputih-2015-id,,,
brev-030,id,MUSIC,MUSIC,id-bukuputih-2015-id,,,
brev-031,id,BUZZER,BUZZER,id-bukuputih-2015-id,,,
brev-032,id,STROBE,STROBE,id-bukuputih-2015-id,,,
brev-033,id,NAKED,NAKED,id-bukuputih-2015-id,,,
brev-034,id,SKATE,SKATE,id-bukuputih-2015-id,,,
brev-035,id,BUSTER,BUSTER,id-bukuputih-2015-id,,,
brev-036,id,GATE,GATE,id-bukuputih-2015-id,,,
brev-037,id,PUSH,PUSH,id-bukuputih-2015-id,,,
brev-038,id,SNAP,SNAP,id-bukuputih-2015-id,,,
brev-039,id,SPOT,SPOT,id-bukuputih-2015-id,,,
brev-040,id,CONTACT,CONTACT,id-bukuputih-2015-id,,,
brev-041,id,LOST LOCK,LOST LOCK,id-bukuputih-2015-id,,,
brev-042,id,FADED,FADED,id-bukuputih-2015-id,,,
brev-043,id,POP,POP,id-bukuputih-2015-id,,,
brev-044,id,SORTED,SORTED,id-bukuputih-2015-id,,,
brev-045,id,STATUS,STATUS,id-bukuputih-2015-id,,,
brev-046,id,TRACK (brevity),TRACK,id-bukuputih-2015-id,,,
brev-047,id,SAM,SAM,id-bukuputih-2015-id,,,
brev-048,id,THREAT,THREAT,id-bukuputih-2015-id,,,
brev-049,id,ENGAGED,ENGAGED,id-bukuputih-2015-id,,,
brev-050,id,COMMIT,COMMIT,id-bukuputih-2015-id,,,
brev-051,id,BRACKET,BRACKET,id-bukuputih-2015-id,,,
brev-052,id,BREAK (direction),BREAK,id-bukuputih-2015-id,,,
brev-053,id,KILL,KILL,id-bukuputih-2015-id,,,
brev-054,id,SCRAM,SCRAM,id-bukuputih-2015-id,,,
brev-055,id,LEAKER,LEAKER,id-bukuputih-2015-id,,,
cuas-001,zh-Hans,unmanned aircraft system (UAS),无人机系统,zh-tw-mnd-dict zh-tw-ndr-2025-zh,,,
cuas-002,zh-Hans,unmanned aircraft (UA),无人机,zh-tw-mnd-dict zh-tw-ndr-2025-zh,,,
cuas-003,zh-Hans,small unmanned aircraft system (sUAS),小型无人机系统,zh-tw-mnd-dict zh-tw-ndr-2025-zh,,,
cuas-004,zh-Hans,UAS group (Groups 1–5),无人机组,zh-tw-mnd-dict zh-tw-ndr-2025-zh,,,
cuas-005,zh-Hans,first-person-view (FPV) drone,一人机,zh-tw-mnd-dict zh-tw-ndr-2025-zh,,,
cuas-006,zh-Hans,loitering munition (one-way attack UAS),侦察打击无人机,zh-tw-mnd-dict zh-tw-ndr-2025-zh,,,
cuas-007,zh-Hans,swarm,无人机群,zh-tw-mnd-dict zh-tw-ndr-2025-zh,,,
cuas-008,zh-Hans,fixed-wing aircraft,固定翼无人机,zh-tw-mnd-dict zh-tw-ndr-2025-zh,,,
cuas-009,zh-Hans,rotary-wing aircraft,旋翼无人机,zh-tw-mnd-dict zh-tw-ndr-2025-zh,,,
cuas-010,zh-Hans,multirotor drone,多旋翼无人机,zh-tw-mnd-dict zh-tw-ndr-2025-zh,,,
cuas-011,zh-Hans,counter-unmanned aircraft system (C-UAS),反无人机系统,zh-tw-mnd-dict zh-tw-ndr-2025-zh,,,
cuas-012,zh-Hans,layered defense,分层防御,zh-tw-mnd-dict zh-tw-ndr-2025-zh,,,
cuas-013,zh-Hans,detection,探测,zh-tw-mnd-dict zh-tw-ndr-2025-zh,,,
cuas-014,zh-Hans,tracking,跟踪,zh-tw-mnd-dict zh-tw-ndr-2025-zh,,,
cuas-015,zh-Hans,identification (ID),识别,zh-tw-mnd-dict zh-tw-ndr-2025-zh,,,
cuas-016,zh-Hans,defeat,无人机打击,zh-tw-mnd-dict zh-tw-ndr-2025-zh,,,
cuas-017,zh-Hans,kinetic defeat,运动打击,zh-tw-mnd-dict zh-tw-ndr-2025-zh,,,
cuas-018,zh-Hans,non-kinetic defeat,非运动打击,zh-tw-mnd-dict zh-tw-ndr-2025-zh,,,
cuas-019,zh-Hans,radio-frequency (RF) detection,射频探测,zh-tw-mnd-dict zh-tw-ndr-2025-zh,,,
cuas-020,zh-Hans,radar,雷达,zh-tw-mnd-dict zh-tw-ndr-2025-zh,,,
cuas-021,zh-Hans,electro-optical/infrared (EO/IR) sensor,电光/红外传感器,zh-tw-mnd-dict zh-tw-ndr-2025-zh,,,
cuas-022,zh-Hans,acoustic sensor,声学传感器,zh-tw-mnd-dict zh-tw-ndr-2025-zh,,,
cuas-023,zh-Hans,active defense,主动防御,zh-tw-mnd-dict zh-tw-ndr-2025-zh,,,
cuas-024,zh-Hans,passive defense,被动防御,zh-tw-mnd-dict zh-tw-ndr-2025-zh,,,
cuas-025,zh-Hans,electromagnetic jamming,电磁干扰,zh-tw-mnd-dict zh-tw-ndr-2025-zh,,,
cuas-026,zh-Hans,spoofing,欺骗,zh-tw-mnd-dict zh-tw-ndr-2025-zh,,,
cuas-027,zh-Hans,navigation warfare (NAVWAR),导航战,zh-tw-mnd-dict zh-tw-ndr-2025-zh,,,
cuas-028,zh-Hans,directed energy (DE),定向能,zh-tw-mnd-dict zh-tw-ndr-2025-zh,,,
cuas-029,zh-Hans,directed-energy weapon,定向能武器,zh-tw-mnd-dict zh-tw-ndr-2025-zh,,,
cuas-030,zh-Hans,interceptor drone,截击无人机,zh-tw-mnd-dict zh-tw-ndr-2025-zh,,,
cuas-031,zh-Hans,net capture,网捕,zh-tw-mnd-dict zh-tw-ndr-2025-zh,,,
cuas-032,zh-Hans,command and control (C2) link,指挥控制链,zh-tw-mnd-dict zh-tw-ndr-2025-zh,,,
cuas-033,zh-Hans,data link,数据链路,zh-tw-mnd-dict zh-tw-ndr-2025-zh,,,
cuas-034,zh-Hans,frequency band,频段,zh-tw-mnd-dict zh-tw-ndr-2025-zh,,,
cuas-035,zh-Hans,remote identification (Remote ID),远程识别,zh-tw-mnd-dict zh-tw-ndr-2025-zh,,,
cuas-036,zh-Hans,drone operator location,无人机操作员位置,zh-tw-mnd-dict zh-tw-ndr-2025-zh,,,
cuas-037,zh-Hans,launch point,发射点,zh-tw-mnd-dict zh-tw-ndr-2025-zh,,,
cuas-038,zh-Hans,recovery point,收容点,zh-tw-mnd-dict zh-tw-ndr-2025-zh,,,
cuas-039,zh-Hans,flight profile,飞行路线,zh-tw-mnd-dict zh-tw-ndr-2025-zh,,,
cuas-040,zh-Hans,loiter,盘旋,zh-tw-mnd-dict zh-tw-ndr-2025-zh,,,
cuas-041,zh-Hans,ingress,进入,zh-tw-mnd-dict zh-tw-ndr-2025-zh,,,
cuas-042,zh-Hans,egress,离开,zh-tw-mnd-dict zh-tw-ndr-2025-zh,,,
cuas-043,zh-Hans,mass raid,集群打击,zh-tw-mnd-dict zh-tw-ndr-2025-zh,,,
cuas-044,zh-Hans,saturation,饱和,zh-tw-mnd-dict zh-tw-ndr-2025-zh,,,
cuas-045,zh-Hans,collateral damage,附带损害,zh-tw-mnd-dict zh-tw-ndr-2025-zh,,,
cuas-046,zh-Hans,weapon engagement zone (WEZ),武器使用区域,zh-tw-mnd-dict zh-tw-ndr-2025-zh,,,
cuas-047,zh-Hans,weapons control status,武器控制状态,zh-tw-mnd-dict zh-tw-ndr-2025-zh,,,
roe-001,zh-Hans,weapons free,自由射击,zh-tw-mnd-dict zh-tw-ndr-2025-zh,,,
roe-002,zh-Hans,weapons tight,严格控制射击,zh-tw-mnd-dict zh-tw-ndr-2025-zh,,,
roe-003,zh-Hans,weapons hold,禁止射击,zh-tw-mnd-dict zh-tw-ndr-2025-zh,,,
roe-004,zh-Hans,rules of engagement (ROE),作战规则,zh-tw-mnd-dict zh-tw-ndr-2025-zh,,,
roe-005,zh-Hans,hostile act,敌对行为,zh-tw-mnd-dict zh-tw-ndr-2025-zh,,,
roe-006,zh-Hans,hostile intent,敌对意图,zh-tw-mnd-dict zh-tw-ndr-2025-zh,,,
roe-007,zh-Hans,positive identification (PID),确认识别,zh-tw-mnd-dict zh-tw-ndr-2025-zh,,,
air-001,zh-Hans,track number,跟踪编号,zh-tw-mnd-dict zh-tw-ndr-2025-zh,,,
air-002,zh-Hans,track,跟踪,zh-tw-mnd-dict zh-tw-ndr-2025-zh,,,
c2-001,zh-Hans,common operational picture (COP),共同作战态势,zh-tw-mnd-dict zh-tw-ndr-2025-zh,,,
air-003,zh-Hans,airspace coordinating measures (ACMs),空域协调措施,zh-tw-mnd-dict zh-tw-ndr-2025-zh,,,
air-004,zh-Hans,restricted operations zone (ROZ),限制性飞行区域,zh-tw-mnd-dict zh-tw-ndr-2025-zh,,,
air-005,zh-Hans,no-drone zone,无人机禁飞区,zh-tw-mnd-dict zh-tw-ndr-2025-zh,,,
air-006,zh-Hans,temporary flight restriction,临时禁飞区,zh-tw-mnd-dict zh-tw-ndr-2025-zh,,,
air-007,zh-Hans,air defense warning condition (ADWC),空中防御警报状态,zh-tw-mnd-dict zh-tw-ndr-2025-zh,,,
bd-001,zh-Hans,base defense operations center (BDOC),基地防御指挥中心,zh-tw-mnd-dict zh-tw-ndr-2025-zh,,,
bd-002,zh-Hans,base defense,基地防御,zh-tw-mnd-dict zh-tw-ndr-2025-zh,,,
bd-003,zh-Hans,force protection (FP),防卫保护,zh-tw-mnd-dict zh-tw-ndr-2025-zh,,,
bd-004,zh-Hans,force protection condition (FPCON),防卫保护条件,zh-tw-mnd-dict zh-tw-ndr-2025-zh,,,
bd-005,zh-Hans,entry control point,入口控制点,zh-tw-mnd-dict zh-tw-ndr-2025-zh,,,
bd-006,zh-Hans,vehicle search area,车辆检查区,zh-tw-mnd-dict zh-tw-ndr-2025-zh,,,
bd-007,zh-Hans,perimeter,界限,zh-tw-mnd-dict zh-tw-ndr-2025-zh,,,
bd-008,zh-Hans,sector,部门,zh-tw-mnd-dict zh-tw-ndr-2025-zh,,,
bd-009,zh-Hans,observation post,观察哨,zh-tw-mnd-dict zh-tw-ndr-2025-zh,,,
bd-010,zh-Hans,listening post,侦听哨,zh-tw-mnd-dict zh-tw-ndr-2025-zh,,,
bd-011,zh-Hans,quick reaction force,快速反应部队,zh-tw-mnd-dict zh-tw-ndr-2025-zh,,,
bd-012,zh-Hans,security forces,安全部队,zh-tw-mnd-dict zh-tw-ndr-2025-zh,,,
bd-013,zh-Hans,defender,防卫者,zh-tw-mnd-dict zh-tw-ndr-2025-zh,,,
bd-014,zh-Hans,patrol,patrol,zh-tw-mnd-dict zh-tw-ndr-2025-zh,,,
bd-015,zh-Hans,random antiterrorism measure,随机反恐措施,zh-tw-mnd-dict zh-tw-ndr-2025-zh,,,
bd-016,zh-Hans,standoff distance,安全距离,zh-tw-mnd-dict zh-tw-ndr-2025-zh,,,
bd-017,zh-Hans,barrier,障碍物,zh-tw-mnd-dict zh-tw-ndr-2025-zh,,,
bd-018,zh-Hans,blast mitigation,减爆措施,zh-tw-mnd-dict zh-tw-ndr-2025-zh,,,
bd-019,zh-Hans,alarm condition,警报状态,zh-tw-mnd-dict zh-tw-ndr-2025-zh,,,
bd-020,zh-Hans,post-attack reconnaissance,事后侦察,zh-tw-mnd-dict zh-tw-ndr-2025-zh,,,
bd-021,zh-Hans,unexploded explosive ordnance (UXO),未爆弹药,zh-tw-mnd-dict zh-tw-ndr-2025-zh,,,
bd-022,zh-Hans,shelter in place,就地避险,zh-tw-mnd-dict zh-tw-ndr-2025-zh,,,
bd-023,zh-Hans,bunker,地堡,zh-tw-mnd-dict zh-tw-ndr-2025-zh,,,
bd-024,zh-Hans,cover and concealment,掩蔽与伪装,zh-tw-mnd-dict zh-tw-ndr-2025-zh,,,
bd-025,zh-Hans,accountability,人员清点,zh-tw-mnd-dict zh-tw-ndr-2025-zh,,,
bd-026,zh-Hans,lockdown,封锁,zh-tw-mnd-dict zh-tw-ndr-2025-zh,,,
bd-027,zh-Hans,all clear,解除警报,zh-tw-mnd-dict zh-tw-ndr-2025-zh,,,
bd-028,zh-Hans,incident commander,现场指挥官,zh-tw-mnd-dict zh-tw-ndr-2025-zh,,,
bd-029,zh-Hans,emergency operations center (EOC),应急指挥中心,zh-tw-mnd-dict zh-tw-ndr-2025-zh,,,
bd-030,zh-Hans,mass notification,大众通知系统,zh-tw-mnd-dict zh-tw-ndr-2025-zh,,,
bd-031,zh-Hans,indirect fire,间接火力,zh-tw-mnd-dict zh-tw-ndr-2025-zh,,,
bd-032,zh-Hans,"counter-rocket, artillery, and mortar (C-RAM)",反火箭弹、炮兵和迫击炮系统,zh-tw-mnd-dict zh-tw-ndr-2025-zh,,,
bd-033,zh-Hans,insider threat,内部威胁,zh-tw-mnd-dict zh-tw-ndr-2025-zh,,,
bd-034,zh-Hans,host nation (HN),主权国,zh-tw-mnd-dict zh-tw-ndr-2025-zh,,,
bd-035,zh-Hans,foreign security forces (FSF),外国安全部队,zh-tw-mnd-dict zh-tw-ndr-2025-zh,,,
bd-036,zh-Hans,status-of-forces agreement (SOFA),驻军地位协定,zh-tw-mnd-dict zh-tw-ndr-2025-zh,,,
bd-037,zh-Hans,jurisdiction,司法管辖权,zh-tw-mnd-dict zh-tw-ndr-2025-zh,,,
bd-038,zh-Hans,local national,当地国民,zh-tw-mnd-dict zh-tw-ndr-2025-zh,,,
bd-039,zh-Hans,escort,护送人员,zh-tw-mnd-dict zh-tw-ndr-2025-zh,,,
bd-040,zh-Hans,access roster,进入名单,zh-tw-mnd-dict zh-tw-ndr-2025-zh,,,
bd-041,zh-Hans,shift handover,班次交接,zh-tw-mnd-dict zh-tw-ndr-2025-zh,,,
bd-042,zh-Hans,blotter,日志,zh-tw-mnd-dict zh-tw-ndr-2025-zh,,,
bd-043,zh-Hans,chain of custody,证据保管链,zh-tw-mnd-dict zh-tw-ndr-2025-zh,,,
air-008,zh-Hans,airspace control,空域管制,zh-tw-mnd-dict zh-tw-ndr-2025-zh,,,
air-009,zh-Hans,air tasking order (ATO),空中任务令,zh-tw-mnd-dict zh-tw-ndr-2025-zh,,,
air-010,zh-Hans,air defense artillery (ADA),高射炮兵,zh-tw-mnd-dict zh-tw-ndr-2025-zh,,,
air-011,zh-Hans,"identification, friend or foe (IFF)",识别友军系统,zh-tw-mnd-dict zh-tw-ndr-2025-zh,,,
air-012,zh-Hans,squawk,编码,zh-tw-mnd-dict zh-tw-ndr-2025-zh,,,
air-013,zh-Hans,altitude block,高度区,zh-tw-mnd-dict zh-tw-ndr-2025-zh,,,
air-014,zh-Hans,deconfliction,冲突避免,zh-tw-mnd-dict zh-tw-ndr-2025-zh,,,
air-015,zh-Hans,kill box,打击箱,zh-tw-mnd-dict zh-tw-ndr-2025-zh,,,
air-016,zh-Hans,call sign (CS),呼号,zh-tw-mnd-dict zh-tw-ndr-2025-zh,,,
brev-001,zh-Hans,brevity code,简语代码,zh-tw-mnd-dict zh-tw-ndr-2025-zh,,,
air-017,zh-Hans,check-in,报到,zh-tw-mnd-dict zh-tw-ndr-2025-zh,,,
c2-002,zh-Hans,situation report (SITREP),情况报告,zh-tw-mnd-dict zh-tw-ndr-2025-zh,,,
c2-003,zh-Hans,spot report (SPOTREP),战场报告,zh-tw-mnd-dict zh-tw-ndr-2025-zh,,,
med-001,zh-Hans,nine-line medical evacuation request,医疗后送请求,zh-tw-mnd-dict zh-tw-ndr-2025-zh,,,
air-018,zh-Hans,grid reference,网格坐标,zh-tw-mnd-dict zh-tw-ndr-2025-zh,,,
air-019,zh-Hans,bearing,方位角,zh-tw-mnd-dict zh-tw-ndr-2025-zh,,,
air-020,zh-Hans,time on target (TOT),目标到达时间,zh-tw-mnd-dict zh-tw-ndr-2025-zh,,,
brev-002,zh-Hans,BOGEY,BOGEY,zh-tw-mnd-dict zh-tw-ndr-2025-zh,,,
brev-003,zh-Hans,BANDIT,BANDIT,zh-tw-mnd-dict zh-tw-ndr-2025-zh,,,
brev-004,zh-Hans,HOSTILE,HOSTILE,zh-tw-mnd-dict zh-tw-ndr-2025-zh,,,
brev-005,zh-Hans,FRIENDLY,FRIENDLY,zh-tw-mnd-dict zh-tw-ndr-2025-zh,,,
brev-006,zh-Hans,UNKNOWN,UNKNOWN,zh-tw-mnd-dict zh-tw-ndr-2025-zh,,,
brev-007,zh-Hans,SPLASH,SPLASH,zh-tw-mnd-dict zh-tw-ndr-2025-zh,,,
brev-008,zh-Hans,SPIKE,SPIKE,zh-tw-mnd-dict zh-tw-ndr-2025-zh,,,
brev-009,zh-Hans,NO JOY,NO JOY,zh-tw-mnd-dict zh-tw-ndr-2025-zh,,,
brev-010,zh-Hans,TALLY,TALLY,zh-tw-mnd-dict zh-tw-ndr-2025-zh,,,
brev-011,zh-Hans,BINGO,BINGO,zh-tw-mnd-dict zh-tw-ndr-2025-zh,,,
brev-012,zh-Hans,CEASE FIRE,CEASE FIRE,zh-tw-mnd-dict zh-tw-ndr-2025-zh,,,
brev-013,zh-Hans,WEAPONS (FREE / TIGHT / HOLD),WEAPONS FREE,zh-tw-mnd-dict zh-tw-ndr-2025-zh,,,
brev-014,zh-Hans,STAND BY,STAND BY,zh-tw-mnd-dict zh-tw-ndr-2025-zh,,,
brev-015,zh-Hans,SAY AGAIN,SAY AGAIN,zh-tw-mnd-dict zh-tw-ndr-2025-zh,,,
brev-016,zh-Hans,ROGER,ROGER,zh-tw-mnd-dict zh-tw-ndr-2025-zh,,,
brev-017,zh-Hans,WILCO,WILCO,zh-tw-mnd-dict zh-tw-ndr-2025-zh,,,
brev-018,zh-Hans,BREAK BREAK,BREAK BREAK,zh-tw-mnd-dict zh-tw-ndr-2025-zh,,,
c2-004,zh-Hans,authority,权限,zh-tw-mnd-dict zh-tw-ndr-2025-zh,,,
c2-005,zh-Hans,delegation of authority,授权委托,zh-tw-mnd-dict zh-tw-ndr-2025-zh,,,
c2-006,zh-Hans,coordinating authority,协调权,zh-tw-mnd-dict zh-tw-ndr-2025-zh,,,
c2-007,zh-Hans,approval,批准,zh-tw-mnd-dict zh-tw-ndr-2025-zh,,,
c2-008,zh-Hans,liaison,联络,zh-tw-mnd-dict zh-tw-ndr-2025-zh,,,
c2-009,zh-Hans,interoperability,互操作性,zh-tw-mnd-dict zh-tw-ndr-2025-zh,,,
c2-010,zh-Hans,information sharing,信息共享,zh-tw-mnd-dict zh-tw-ndr-2025-zh,,,
c2-011,zh-Hans,caveat,保留条件,zh-tw-mnd-dict zh-tw-ndr-2025-zh,,,
c2-012,zh-Hans,classification,密级,zh-tw-mnd-dict zh-tw-ndr-2025-zh,,,
c2-013,zh-Hans,release,解密,zh-tw-mnd-dict zh-tw-ndr-2025-zh,,,
c2-014,zh-Hans,exercise,演习,zh-tw-mnd-dict zh-tw-ndr-2025-zh,,,
air-032,zh-Hans,procedural control,程序管制空域,zh-tw-mnd-dict zh-tw-ndr-2025-zh,,,
air-033,zh-Hans,air route,航路,zh-tw-mnd-dict zh-tw-ndr-2025-zh,,,
air-034,zh-Hans,air operations center (AOC),空中作战指挥中心,zh-tw-mnd-dict zh-tw-ndr-2025-zh,,,
air-035,zh-Hans,air support operations center (ASOC),空中支援作战指挥中心,zh-tw-mnd-dict zh-tw-ndr-2025-zh,,,
air-036,zh-Hans,missile engagement zone (MEZ),导弹交战区,zh-tw-mnd-dict zh-tw-ndr-2025-zh,,,
air-037,zh-Hans,joint engagement zone (JEZ),联合交战区,zh-tw-mnd-dict zh-tw-ndr-2025-zh,,,
air-038,zh-Hans,fighter engagement zone (FEZ),战斗机交战区,zh-tw-mnd-dict zh-tw-ndr-2025-zh,,,
air-039,zh-Hans,low-altitude missile engagement zone (LOMEZ),低空导弹交战区,zh-tw-mnd-dict zh-tw-ndr-2025-zh,,,
air-040,zh-Hans,short-range air defense engagement zone (SHORADEZ),短程防空交战区,zh-tw-mnd-dict zh-tw-ndr-2025-zh,,,
air-041,zh-Hans,high-altitude missile engagement zone (HIMEZ),高空导弹交战区,zh-tw-mnd-dict zh-tw-ndr-2025-zh,,,
air-042,zh-Hans,air defense area,防空区域,zh-tw-mnd-dict zh-tw-ndr-2025-zh,,,
air-043,zh-Hans,air defense region,防空区,zh-tw-mnd-dict zh-tw-ndr-2025-zh,,,
air-044,zh-Hans,air defense sector,防空区域,zh-tw-mnd-dict zh-tw-ndr-2025-zh,,,
air-045,zh-Hans,selective identification feature (SIF),选择性识别特征,zh-tw-mnd-dict zh-tw-ndr-2025-zh,,,
air-046,zh-Hans,procedural identification,程序识别,zh-tw-mnd-dict zh-tw-ndr-2025-zh,,,
air-047,zh-Hans,combat identification (CID),战斗识别,zh-tw-mnd-dict zh-tw-ndr-2025-zh,,,
air-048,zh-Hans,combat air patrol (CAP),空中巡逻,zh-tw-mnd-dict zh-tw-ndr-2025-zh,,,
air-049,zh-Hans,track of interest,关注目标,zh-tw-mnd-dict zh-tw-ndr-2025-zh,,,
air-050,zh-Hans,airborne early warning,空中预警,zh-tw-mnd-dict zh-tw-ndr-2025-zh,,,
air-051,zh-Hans,threat warning,紧急警报,zh-tw-mnd-dict zh-tw-ndr-2025-zh,,,
air-052,zh-Hans,air and missile defense (AMD),空中和导弹防御,zh-tw-mnd-dict zh-tw-ndr-2025-zh,,,
air-053,zh-Hans,integrated air and missile defense (IAMD),综合空中和导弹防御,zh-tw-mnd-dict zh-tw-ndr-2025-zh,,,
air-054,zh-Hans,defensive counterair (DCA),防御性反空中,zh-tw-mnd-dict zh-tw-ndr-2025-zh,,,
air-055,zh-Hans,counterair,反空中,zh-tw-mnd-dict zh-tw-ndr-2025-zh,,,
air-056,zh-Hans,point defense,点防御,zh-tw-mnd-dict zh-tw-ndr-2025-zh,,,
air-057,zh-Hans,area air defense commander (AADC),空中和导弹防御区域指挥官,zh-tw-mnd-dict zh-tw-ndr-2025-zh,,,
air-058,zh-Hans,regional air defense commander (RADC),空中和导弹防御地区指挥官,zh-tw-mnd-dict zh-tw-ndr-2025-zh,,,
air-059,zh-Hans,sector air defense commander (SADC),空中和导弹防御区指挥官,zh-tw-mnd-dict zh-tw-ndr-2025-zh,,,
air-060,zh-Hans,defended asset list (DAL),防御资产清单,zh-tw-mnd-dict zh-tw-ndr-2025-zh,,,
air-061,zh-Hans,missile defense (MD),导弹防御,zh-tw-mnd-dict zh-tw-ndr-2025-zh,,,
air-062,zh-Hans,air superiority,制空权,zh-tw-mnd-dict zh-tw-ndr-2025-zh,,,
air-063,zh-Hans,close air support (CAS),近距离空中支援,zh-tw-mnd-dict zh-tw-ndr-2025-zh,,,
air-064,zh-Hans,forward air controller (FAC),前进空中控制员,zh-tw-mnd-dict zh-tw-ndr-2025-zh,,,
air-065,zh-Hans,joint terminal attack controller (JTAC),联合终端攻击控制员,zh-tw-mnd-dict zh-tw-ndr-2025-zh,,,
air-066,zh-Hans,tactical air control party (TACP),战术空中控制分队,zh-tw-mnd-dict zh-tw-ndr-2025-zh,,,
air-067,zh-Hans,air liaison officer (ALO),空中联络官,zh-tw-mnd-dict zh-tw-ndr-2025-zh,,,
air-068,zh-Hans,time-sensitive target (TST),时敏目标,zh-tw-mnd-dict zh-tw-ndr-2025-zh,,,
air-069,zh-Hans,target,目标,zh-tw-mnd-dict zh-tw-ndr-2025-zh,,,
air-070,zh-Hans,targeting,目标攻击,zh-tw-mnd-dict zh-tw-ndr-2025-zh,,,
air-071,zh-Hans,collateral effect,附带效应,zh-tw-mnd-dict zh-tw-ndr-2025-zh,,,
air-072,zh-Hans,battle damage assessment (BDA),战损评估,zh-tw-mnd-dict zh-tw-ndr-2025-zh,,,
air-073,zh-Hans,no-fire area (NFA),禁火区,zh-tw-mnd-dict zh-tw-ndr-2025-zh,,,
air-074,zh-Hans,restrictive fire area (RFA),限制射击区,zh-tw-mnd-dict zh-tw-ndr-2025-zh,,,
air-075,zh-Hans,fire support coordination line (FSCL),火力支援协调线,zh-tw-mnd-dict zh-tw-ndr-2025-zh,,,
air-076,zh-Hans,coordinated fire line (CFL),协调火力线,zh-tw-mnd-dict zh-tw-ndr-2025-zh,,,
air-077,zh-Hans,air domain,空域,zh-tw-mnd-dict zh-tw-ndr-2025-zh,,,
air-078,zh-Hans,air defense (AD),空中防空,zh-tw-mnd-dict zh-tw-ndr-2025-zh,,,
air-079,zh-Hans,aerospace defense,空天防卫,zh-tw-mnd-dict zh-tw-ndr-2025-zh,,,
air-080,zh-Hans,air interdiction (AI),空中打击,zh-tw-mnd-dict zh-tw-ndr-2025-zh,,,
air-081,zh-Hans,airborne alert,空中待命,zh-tw-mnd-dict zh-tw-ndr-2025-zh,,,
air-082,zh-Hans,ground alert,地面待命,zh-tw-mnd-dict zh-tw-ndr-2025-zh,,,
air-083,zh-Hans,threat assessment,威胁评估,zh-tw-mnd-dict zh-tw-ndr-2025-zh,,,
roe-008,zh-Hans,engage,交战,zh-tw-mnd-dict zh-tw-ndr-2025-zh,,,
roe-009,zh-Hans,engagement,交战,zh-tw-mnd-dict zh-tw-ndr-2025-zh,,,
roe-010,zh-Hans,engagement authority,交战授权,zh-tw-mnd-dict zh-tw-ndr-2025-zh,,,
roe-011,zh-Hans,target engagement authority (TEA),目标交战授权,zh-tw-mnd-dict zh-tw-ndr-2025-zh,,,
roe-012,zh-Hans,weapons free zone,武器自由射击区,zh-tw-mnd-dict zh-tw-ndr-2025-zh,,,
roe-013,zh-Hans,weapons readiness state,武器准备状态,zh-tw-mnd-dict zh-tw-ndr-2025-zh,,,
roe-014,zh-Hans,minimum force,最小武力,zh-tw-mnd-dict zh-tw-ndr-2025-zh,,,
roe-015,zh-Hans,show of force,展示武力,zh-tw-mnd-dict zh-tw-ndr-2025-zh,,,
roe-016,zh-Hans,nonlethal weapon (NLW),非致命武器,zh-tw-mnd-dict zh-tw-ndr-2025-zh,,,
roe-017,zh-Hans,cease engagement,停止射击,zh-tw-mnd-dict zh-tw-ndr-2025-zh,,,
roe-018,zh-Hans,hold fire,停止射击,zh-tw-mnd-dict zh-tw-ndr-2025-zh,,,
roe-019,zh-Hans,free-fire area (FFA),自由射击区,zh-tw-mnd-dict zh-tw-ndr-2025-zh,,,
roe-020,zh-Hans,final protective fire (FPF),最后防护火力,zh-tw-mnd-dict zh-tw-ndr-2025-zh,,,
roe-021,zh-Hans,direct fire,直接射击,zh-tw-mnd-dict zh-tw-ndr-2025-zh,,,
ew-001,zh-Hans,electromagnetic warfare (EW),电磁战,zh-tw-mnd-dict zh-tw-ndr-2025-zh,,,
ew-002,zh-Hans,electromagnetic attack (EA),电磁攻击,zh-tw-mnd-dict zh-tw-ndr-2025-zh,,,
ew-003,zh-Hans,electromagnetic protection (EP),电磁防护,zh-tw-mnd-dict zh-tw-ndr-2025-zh,,,
ew-004,zh-Hans,electromagnetic support (ES),电磁支持,zh-tw-mnd-dict zh-tw-ndr-2025-zh,,,
ew-005,zh-Hans,electromagnetic interference (EMI),电磁干扰,zh-tw-mnd-dict zh-tw-ndr-2025-zh,,,
ew-006,zh-Hans,electromagnetic spectrum operations (EMSO),电磁频谱作战,zh-tw-mnd-dict zh-tw-ndr-2025-zh,,,
ew-007,zh-Hans,electromagnetic spectrum management,电磁频谱管理,zh-tw-mnd-dict zh-tw-ndr-2025-zh,,,
ew-008,zh-Hans,electromagnetic compatibility,电磁兼容性,zh-tw-mnd-dict zh-tw-ndr-2025-zh,,,
ew-009,zh-Hans,electromagnetic environment (EME),电磁环境,zh-tw-mnd-dict zh-tw-ndr-2025-zh,,,
ew-010,zh-Hans,electromagnetic intrusion,电磁侵入,zh-tw-mnd-dict zh-tw-ndr-2025-zh,,,
ew-011,zh-Hans,electromagnetic probing,电磁探测,zh-tw-mnd-dict zh-tw-ndr-2025-zh,,,
ew-012,zh-Hans,electromagnetic pulse (EMP),电磁脉冲,zh-tw-mnd-dict zh-tw-ndr-2025-zh,,,
ew-013,zh-Hans,emission control (EMCON),电磁管制,zh-tw-mnd-dict zh-tw-ndr-2025-zh,,,
ew-014,zh-Hans,emission security,发射安全,zh-tw-mnd-dict zh-tw-ndr-2025-zh,,,
ew-015,zh-Hans,communications security (COMSEC),通信保密,zh-tw-mnd-dict zh-tw-ndr-2025-zh,,,
ew-016,zh-Hans,transmission security,传输安全,zh-tw-mnd-dict zh-tw-ndr-2025-zh,,,
ew-017,zh-Hans,joint restricted frequency list (JRFL),联合受限频率表,zh-tw-mnd-dict zh-tw-ndr-2025-zh,,,
ew-018,zh-Hans,PROTECTED frequencies,保护频率,zh-tw-mnd-dict zh-tw-ndr-2025-zh,,,
ew-019,zh-Hans,electromagnetic battle management (EMBM),电磁战管控,zh-tw-mnd-dict zh-tw-ndr-2025-zh,,,
ew-020,zh-Hans,electromagnetic vulnerability,电磁脆弱性,zh-tw-mnd-dict zh-tw-ndr-2025-zh,,,
ew-021,zh-Hans,electromagnetic hardening,电磁加固,zh-tw-mnd-dict zh-tw-ndr-2025-zh,,,
ew-022,zh-Hans,countermeasures,对抗措施,zh-tw-mnd-dict zh-tw-ndr-2025-zh,,,
ew-023,zh-Hans,electro-optical-infrared countermeasure,电光红外反制,zh-tw-mnd-dict zh-tw-ndr-2025-zh,,,
ew-024,zh-Hans,electromagnetic spectrum superiority,电磁频谱优势,zh-tw-mnd-dict zh-tw-ndr-2025-zh,,,
bd-044,zh-Hans,base defense zone,基地防空区,zh-tw-mnd-dict zh-tw-ndr-2025-zh,,,
bd-045,zh-Hans,base boundary,基地界限,zh-tw-mnd-dict zh-tw-ndr-2025-zh,,,
bd-046,zh-Hans,base cluster,基地群,zh-tw-mnd-dict zh-tw-ndr-2025-zh,,,
bd-047,zh-Hans,base cluster operations center (BCOC),基地群作战指挥中心,zh-tw-mnd-dict zh-tw-ndr-2025-zh,,,
bd-048,zh-Hans,physical security,物理安全,zh-tw-mnd-dict zh-tw-ndr-2025-zh,,,
bd-049,zh-Hans,security,安全,zh-tw-mnd-dict zh-tw-ndr-2025-zh,,,
bd-050,zh-Hans,mobile security force (MSF),机动安全力量,zh-tw-mnd-dict zh-tw-ndr-2025-zh,,,
bd-051,zh-Hans,tactical combat force (TCF),战术作战部队,zh-tw-mnd-dict zh-tw-ndr-2025-zh,,,
bd-052,zh-Hans,joint security area (JSA),联合安全区,zh-tw-mnd-dict zh-tw-ndr-2025-zh,,,
bd-053,zh-Hans,joint security coordinator (JSC),联合安全协调员,zh-tw-mnd-dict zh-tw-ndr-2025-zh,,,
bd-054,zh-Hans,joint security coordination center (JSCC),联合安全协调中心,zh-tw-mnd-dict zh-tw-ndr-2025-zh,,,
bd-055,zh-Hans,terrorism threat level,恐怖主义威胁等级,zh-tw-mnd-dict zh-tw-ndr-2025-zh,,,
bd-056,zh-Hans,threat analysis,威胁分析,zh-tw-mnd-dict zh-tw-ndr-2025-zh,,,
bd-057,zh-Hans,improvised explosive device (IED),简易爆炸装置,zh-tw-mnd-dict zh-tw-ndr-2025-zh,,,
bd-058,zh-Hans,vehicle-borne improvised explosive device (VBIED),车载简易爆炸装置,zh-tw-mnd-dict zh-tw-ndr-2025-zh,,,
bd-059,zh-Hans,explosive ordnance disposal (EOD),爆炸物处理,zh-tw-mnd-dict zh-tw-ndr-2025-zh,,,
bd-060,zh-Hans,explosive hazard (EH),爆炸性威胁,zh-tw-mnd-dict zh-tw-ndr-2025-zh,,,
bd-061,zh-Hans,explosive ordnance,爆炸性武器,zh-tw-mnd-dict zh-tw-ndr-2025-zh,,,
bd-062,zh-Hans,counter-improvised explosive device (C-IED),反简易爆炸装置,zh-tw-mnd-dict zh-tw-ndr-2025-zh,,,
bd-063,zh-Hans,area damage control (ADC),区域损害控制,zh-tw-mnd-dict zh-tw-ndr-2025-zh,,,
bd-064,zh-Hans,collective protection (COLPRO),集体防护,zh-tw-mnd-dict zh-tw-ndr-2025-zh,,,
bd-065,zh-Hans,individual protective equipment (IPE),个人防护装备,zh-tw-mnd-dict zh-tw-ndr-2025-zh,,,
bd-066,zh-Hans,mission-oriented protective posture (MOPP),任务导向防护姿态,zh-tw-mnd-dict zh-tw-ndr-2025-zh,,,
bd-067,zh-Hans,defense critical infrastructure (DCI),防御关键基础设施,zh-tw-mnd-dict zh-tw-ndr-2025-zh,,,
bd-068,zh-Hans,cooperative security location (CSL),合作安全地点,zh-tw-mnd-dict zh-tw-ndr-2025-zh,,,
bd-069,zh-Hans,forward operating base (FOB),前进作战基地,zh-tw-mnd-dict zh-tw-ndr-2025-zh,,,
bd-070,zh-Hans,main operating base (MOB),主要作战基地,zh-tw-mnd-dict zh-tw-ndr-2025-zh,,,
bd-071,zh-Hans,intermediate staging base (ISB),中间停靠基地,zh-tw-mnd-dict zh-tw-ndr-2025-zh,,,
bd-072,zh-Hans,internal security,内部安全,zh-tw-mnd-dict zh-tw-ndr-2025-zh,,,
bd-073,zh-Hans,countersurveillance,反侦察,zh-tw-mnd-dict zh-tw-ndr-2025-zh,,,
bd-074,zh-Hans,operations security (OPSEC),操作安全 (OPSEC),zh-tw-mnd-dict zh-tw-ndr-2025-zh,,,
bd-075,zh-Hans,force protection working group (FPWG),部队防护工作组 (FPWG),zh-tw-mnd-dict zh-tw-ndr-2025-zh,,,
bd-076,zh-Hans,antiterrorism (AT),反恐怖主义 (AT),zh-tw-mnd-dict zh-tw-ndr-2025-zh,,,
bd-077,zh-Hans,base support installation (BSI),基地支援设施 (BSI),zh-tw-mnd-dict zh-tw-ndr-2025-zh,,,
bd-078,zh-Hans,joint base,联合基地,zh-tw-mnd-dict zh-tw-ndr-2025-zh,,,
bd-079,zh-Hans,dynamic threat assessment (DTA),动态威胁评估 (DTA),zh-tw-mnd-dict zh-tw-ndr-2025-zh,,,
bd-080,zh-Hans,countermobility,反机动,zh-tw-mnd-dict zh-tw-ndr-2025-zh,,,
bd-081,zh-Hans,improvised threat,简易威胁,zh-tw-mnd-dict zh-tw-ndr-2025-zh,,,
bd-082,zh-Hans,protection,防护,zh-tw-mnd-dict zh-tw-ndr-2025-zh,,,
bd-083,zh-Hans,force health protection (FHP),部队健康防护 (FHP),zh-tw-mnd-dict zh-tw-ndr-2025-zh,,,
c2-019,zh-Hans,command and control (C2),指挥与控制 (C2),zh-tw-mnd-dict zh-tw-ndr-2025-zh,,,
c2-020,zh-Hans,command,指挥,zh-tw-mnd-dict zh-tw-ndr-2025-zh,,,
c2-021,zh-Hans,control,控制,zh-tw-mnd-dict zh-tw-ndr-2025-zh,,,
c2-022,zh-Hans,operational control (OPCON),作战指挥权 (OPCON),zh-tw-mnd-dict zh-tw-ndr-2025-zh,,,
c2-023,zh-Hans,tactical control (TACON),战术指挥权 (TACON),zh-tw-mnd-dict zh-tw-ndr-2025-zh,,,
c2-024,zh-Hans,administrative control (ADCON),行政控制,zh-tw-mnd-dict zh-tw-ndr-2025-zh,,,
c2-025,zh-Hans,chain of command,指挥链,zh-tw-mnd-dict zh-tw-ndr-2025-zh,,,
c2-026,zh-Hans,commander's intent,指挥官意图,zh-tw-mnd-dict zh-tw-ndr-2025-zh,,,
c2-027,zh-Hans,commander's critical information requirement (CCIR),指挥官关键信息需求,zh-tw-mnd-dict zh-tw-ndr-2025-zh,,,
c2-028,zh-Hans,mission command,任务型指挥,zh-tw-mnd-dict zh-tw-ndr-2025-zh,,,
c2-029,zh-Hans,unity of command,指挥统一,zh-tw-mnd-dict zh-tw-ndr-2025-zh,,,
c2-030,zh-Hans,direct liaison authorized (DIRLAUTH),直接联络授权,zh-tw-mnd-dict zh-tw-ndr-2025-zh,,,
c2-031,zh-Hans,interagency coordination,多部门协调,zh-tw-mnd-dict zh-tw-ndr-2025-zh,,,
c2-032,zh-Hans,multinational force (MNF),多国部队,zh-tw-mnd-dict zh-tw-ndr-2025-zh,,,
c2-033,zh-Hans,multinational force commander (MNFC),多国部队指挥官,zh-tw-mnd-dict zh-tw-ndr-2025-zh,,,
c2-034,zh-Hans,classified information,机密信息,zh-tw-mnd-dict zh-tw-ndr-2025-zh,,,
c2-035,zh-Hans,security review,安全审查,zh-tw-mnd-dict zh-tw-ndr-2025-zh,,,
c2-036,zh-Hans,command net,指挥网,zh-tw-mnd-dict zh-tw-ndr-2025-zh,,,
c2-037,zh-Hans,friendly force tracking (FFT),友军跟踪,zh-tw-mnd-dict zh-tw-ndr-2025-zh,,,
c2-038,zh-Hans,warning order (WARNORD),预警令,zh-tw-mnd-dict zh-tw-ndr-2025-zh,,,
c2-039,zh-Hans,alert order (ALERTORD),预警令,zh-tw-mnd-dict zh-tw-ndr-2025-zh,,,
c2-040,zh-Hans,supported commander,受支持的指挥官,zh-tw-mnd-dict zh-tw-ndr-2025-zh,,,
c2-041,zh-Hans,supporting commander,支持的指挥官,zh-tw-mnd-dict zh-tw-ndr-2025-zh,,,
c2-042,zh-Hans,joint force commander (JFC),联合部队指挥官,zh-tw-mnd-dict zh-tw-ndr-2025-zh,,,
c2-043,zh-Hans,joint task force (JTF),联合特遣部队,zh-tw-mnd-dict zh-tw-ndr-2025-zh,,,
c2-044,zh-Hans,command relationships,指挥关系,zh-tw-mnd-dict zh-tw-ndr-2025-zh,,,
c2-045,zh-Hans,decentralized control,分散控制,zh-tw-mnd-dict zh-tw-ndr-2025-zh,,,
c2-046,zh-Hans,centralized control,集中控制,zh-tw-mnd-dict zh-tw-ndr-2025-zh,,,
c2-047,zh-Hans,civil affairs (CA),民事处理,zh-tw-mnd-dict zh-tw-ndr-2025-zh,,,
c2-048,zh-Hans,public affairs (PA),公共事务,zh-tw-mnd-dict zh-tw-ndr-2025-zh,,,
c2-049,zh-Hans,community engagement,社区参与,zh-tw-mnd-dict zh-tw-ndr-2025-zh,,,
c2-050,zh-Hans,military engagement,军事参与,zh-tw-mnd-dict zh-tw-ndr-2025-zh,,,
c2-051,zh-Hans,security cooperation (SC),安全合作,zh-tw-mnd-dict zh-tw-ndr-2025-zh,,,
c2-052,zh-Hans,security force assistance (SFA),安全力量援助,zh-tw-mnd-dict zh-tw-ndr-2025-zh,,,
log-001,zh-Hans,logistics,后勤,zh-tw-mnd-dict zh-tw-ndr-2025-zh,,,
log-002,zh-Hans,supply,后勤保障,zh-tw-mnd-dict zh-tw-ndr-2025-zh,,,
log-003,zh-Hans,common-user logistics (CUL),共同后勤保障,zh-tw-mnd-dict zh-tw-ndr-2025-zh,,,
log-004,zh-Hans,multinational logistics (MNL),多国后勤保障,zh-tw-mnd-dict zh-tw-ndr-2025-zh,,,
log-005,zh-Hans,base operating support (BOS),后勤保障,zh-tw-mnd-dict zh-tw-ndr-2025-zh,,,
log-006,zh-Hans,host-nation support (HNS),东道国支持,zh-tw-mnd-dict zh-tw-ndr-2025-zh,,,
log-007,zh-Hans,force beddown,部队驻扎,zh-tw-mnd-dict zh-tw-ndr-2025-zh,,,
log-008,zh-Hans,staging base,前进基地,zh-tw-mnd-dict zh-tw-ndr-2025-zh,,,
log-009,zh-Hans,movement control team (MCT),运输控制组,zh-tw-mnd-dict zh-tw-ndr-2025-zh,,,
log-010,zh-Hans,contractors authorized to accompany the force (CAAF),随军承包商,zh-tw-mnd-dict zh-tw-ndr-2025-zh,,,
log-011,zh-Hans,air mobility,空中机动,zh-tw-mnd-dict zh-tw-ndr-2025-zh,,,
log-012,zh-Hans,intratheater airlift,战区内空运,zh-tw-mnd-dict zh-tw-ndr-2025-zh,,,
log-013,zh-Hans,airdrop,空投,zh-tw-mnd-dict zh-tw-ndr-2025-zh,,,
med-002,zh-Hans,casualty,伤员,zh-tw-mnd-dict zh-tw-ndr-2025-zh,,,
med-003,zh-Hans,casualty evacuation (CASEVAC),伤员疏散,zh-tw-mnd-dict zh-tw-ndr-2025-zh,,,
med-004,zh-Hans,aeromedical evacuation (AE),医疗后送,zh-tw-mnd-dict zh-tw-ndr-2025-zh,,,
med-005,zh-Hans,mass casualty,大规模伤亡,zh-tw-mnd-dict zh-tw-ndr-2025-zh,,,
med-006,zh-Hans,roles of medical care,医疗保障任务,zh-tw-mnd-dict zh-tw-ndr-2025-zh,,,
med-007,zh-Hans,medical treatment facility (MTF),医疗机构,zh-tw-mnd-dict zh-tw-ndr-2025-zh,,,
med-008,zh-Hans,tactical combat casualty care (TCCC),战术战伤救护,zh-tw-mnd-dict zh-tw-ndr-2025-zh,,,
med-009,zh-Hans,combat and operational stress control (COSC),作战应激控制,zh-tw-mnd-dict zh-tw-ndr-2025-zh,,,
med-010,zh-Hans,medical regulating,医疗调配,zh-tw-mnd-dict zh-tw-ndr-2025-zh,,,
med-011,zh-Hans,personal protective equipment (PPE),个人防护装备,zh-tw-mnd-dict zh-tw-ndr-2025-zh,,,
hadr-001,zh-Hans,foreign humanitarian assistance (FHA),对外人道主义援助,zh-tw-mnd-dict zh-tw-ndr-2025-zh,,,
hadr-002,zh-Hans,foreign disaster relief (FDR),对外灾害救援,zh-tw-mnd-dict zh-tw-ndr-2025-zh,,,
hadr-003,zh-Hans,foreign disaster,对外灾害,zh-tw-mnd-dict zh-tw-ndr-2025-zh,,,
hadr-004,zh-Hans,natural disaster,自然灾害,zh-tw-mnd-dict zh-tw-ndr-2025-zh,,,
hadr-005,zh-Hans,humanitarian and civic assistance (HCA),人道主义和民事援助,zh-tw-mnd-dict zh-tw-ndr-2025-zh,,,
hadr-006,zh-Hans,humanitarian operations center (HOC),人道主义行动中心,zh-tw-mnd-dict zh-tw-ndr-2025-zh,,,
hadr-007,zh-Hans,humanitarian assistance coordination center (HACC),人道主义援助协调中心,zh-tw-mnd-dict zh-tw-ndr-2025-zh,,,
hadr-008,zh-Hans,disaster assistance response team (DART),灾害应急响应队,zh-tw-mnd-dict zh-tw-ndr-2025-zh,,,
hadr-009,zh-Hans,noncombatant evacuation operation (NEO),非战斗人员疏散行动,zh-tw-mnd-dict zh-tw-ndr-2025-zh,,,
hadr-010,zh-Hans,civil-military operations center (CMOC),民军协调中心,zh-tw-mnd-dict zh-tw-ndr-2025-zh,,,
hadr-011,zh-Hans,dislocated civilian (DC),流离平民,zh-tw-mnd-dict zh-tw-ndr-2025-zh,,,
hadr-012,zh-Hans,evacuation,疏散,zh-tw-mnd-dict zh-tw-ndr-2025-zh,,,
hadr-013,zh-Hans,humanitarian mine action (HMA),人道主义排雷行动,zh-tw-mnd-dict zh-tw-ndr-2025-zh,,,
brev-019,zh-Hans,JOKER,JOKER,zh-tw-mnd-dict zh-tw-ndr-2025-zh,,,
brev-020,zh-Hans,WINCHESTER,WINCHESTER,zh-tw-mnd-dict zh-tw-ndr-2025-zh,,,
brev-021,zh-Hans,PICTURE,PICTURE,zh-tw-mnd-dict zh-tw-ndr-2025-zh,,,
brev-022,zh-Hans,DECLARE,DECLARE,zh-tw-mnd-dict zh-tw-ndr-2025-zh,,,
brev-023,zh-Hans,CLEAN,CLEAN,zh-tw-mnd-dict zh-tw-ndr-2025-zh,,,
brev-024,zh-Hans,BLIND,BLIND,zh-tw-mnd-dict zh-tw-ndr-2025-zh,,,
brev-025,zh-Hans,VISUAL,VISUAL,zh-tw-mnd-dict zh-tw-ndr-2025-zh,,,
brev-026,zh-Hans,ABORT,ABORT,zh-tw-mnd-dict zh-tw-ndr-2025-zh,,,
brev-027,zh-Hans,CHECK FIRE(ING),停火,zh-tw-mnd-dict zh-tw-ndr-2025-zh,,,
brev-028,zh-Hans,HOLD FIRE (brevity),紧急停火,zh-tw-mnd-dict zh-tw-ndr-2025-zh,,,
brev-029,zh-Hans,MARK,MARK,zh-tw-mnd-dict zh-tw-ndr-2025-zh,,,
brev-030,zh-Hans,MUSIC,MUSIC,zh-tw-mnd-dict zh-tw-ndr-2025-zh,,,
brev-031,zh-Hans,BUZZER,BUZZER,zh-tw-mnd-dict zh-tw-ndr-2025-zh,,,
brev-032,zh-Hans,STROBE,STROBE,zh-tw-mnd-dict zh-tw-ndr-2025-zh,,,
brev-033,zh-Hans,NAKED,NAKED,zh-tw-mnd-dict zh-tw-ndr-2025-zh,,,
brev-034,zh-Hans,SKATE,SKATE,zh-tw-mnd-dict zh-tw-ndr-2025-zh,,,
brev-035,zh-Hans,BUSTER,BUSTER,zh-tw-mnd-dict zh-tw-ndr-2025-zh,,,
brev-036,zh-Hans,GATE,GATE,zh-tw-mnd-dict zh-tw-ndr-2025-zh,,,
brev-037,zh-Hans,PUSH,PUSH,zh-tw-mnd-dict zh-tw-ndr-2025-zh,,,
brev-038,zh-Hans,SNAP,SNAP,zh-tw-mnd-dict zh-tw-ndr-2025-zh,,,
brev-039,zh-Hans,SPOT,SPOT,zh-tw-mnd-dict zh-tw-ndr-2025-zh,,,
brev-040,zh-Hans,CONTACT,CONTACT,zh-tw-mnd-dict zh-tw-ndr-2025-zh,,,
brev-041,zh-Hans,LOST LOCK,LOST LOCK,zh-tw-mnd-dict zh-tw-ndr-2025-zh,,,
brev-042,zh-Hans,FADED,FADED,zh-tw-mnd-dict zh-tw-ndr-2025-zh,,,
brev-043,zh-Hans,POP,POP,zh-tw-mnd-dict zh-tw-ndr-2025-zh,,,
brev-044,zh-Hans,SORTED,SORTED,zh-tw-mnd-dict zh-tw-ndr-2025-zh,,,
brev-045,zh-Hans,STATUS,STATUS,zh-tw-mnd-dict zh-tw-ndr-2025-zh,,,
brev-046,zh-Hans,TRACK (brevity),TRACK,zh-tw-mnd-dict zh-tw-ndr-2025-zh,,,
brev-047,zh-Hans,SAM,SAM,zh-tw-mnd-dict zh-tw-ndr-2025-zh,,,
brev-048,zh-Hans,THREAT,THREAT,zh-tw-mnd-dict zh-tw-ndr-2025-zh,,,
brev-049,zh-Hans,ENGAGED,ENGAGED,zh-tw-mnd-dict zh-tw-ndr-2025-zh,,,
brev-050,zh-Hans,COMMIT,COMMIT,zh-tw-mnd-dict zh-tw-ndr-2025-zh,,,
brev-051,zh-Hans,BRACKET,BRACKET,zh-tw-mnd-dict zh-tw-ndr-2025-zh,,,
brev-052,zh-Hans,BREAK (direction),BREAK,zh-tw-mnd-dict zh-tw-ndr-2025-zh,,,
brev-053,zh-Hans,KILL,KILL,zh-tw-mnd-dict zh-tw-ndr-2025-zh,,,
brev-054,zh-Hans,SCRAM,SCRAM,zh-tw-mnd-dict zh-tw-ndr-2025-zh,,,
brev-055,zh-Hans,LEAKER,LEAKER,zh-tw-mnd-dict zh-tw-ndr-2025-zh,,,
